rank,index,beta_mean,beta_median,beta_sd,ci_2p5,ci_97p5,beta_mean_raw,beta_median_raw,ci_2p5_raw,ci_97p5_raw,abs_beta_mean,abs_beta_median,post_prob_abs_gt_thresh,selected_mean_thresh,selected_median_thresh,selected_ci_excludes_zero,sign_beta_mean,sign_beta_median
1,597179,0.330542137361147,0.331359980126245,0.0290590309727645,0.265642087394065,0.38568922433029,134.7169,135.0502,108.266,157.1928,0.330542137361147,0.331359980126245,1,1,1,1,1,1
2,296630,-0.300796150204983,-0.302154076459152,0.0291585982274676,-0.354742471813279,-0.232982442268627,-160.5835,-161.3084,-189.3833,-124.3803,0.300796150204983,0.302154076459152,1,1,1,1,-1,-1
3,701921,0.30061383004081,0.299208330343158,0.0287960736627909,0.246851960020416,0.363423008976771,146.6201,145.9346,120.3985,177.2543,0.30061383004081,0.299208330343158,1,1,1,1,1,1
4,736723,-0.154929651094603,-0.155280868813557,0.0239767659789736,-0.202771527095421,-0.107531621650522,-57.58032,-57.71085,-75.36097,-39.96462,0.154929651094603,0.155280868813557,1,1,1,1,-1,-1
5,128551,0.151719558014549,0.151561242793019,0.0220293022619077,0.106940375017066,0.192785062928203,24.35757,24.33215,17.16857,30.95036,0.151719558014549,0.151561242793019,1,1,1,1,1,1
6,149239,-0.0728098111814646,-0.0823875675523562,0.0619232571195965,-0.185331805548072,0.0012182538961715,-20.30658,-22.97781,-51.68885,0.3397698,0.0728098111814646,0.0823875675523562,0.66125,1,1,0,-1,-1
7,53764,-0.0439227447210809,-0.0504655842760682,0.0305043450447367,-0.0998052687015306,0.000782508652870962,-47.51474,-54.59266,-107.9673,0.8465021,0.0439227447210809,0.0504655842760682,0.75375,1,1,0,-1,-1
8,115602,-0.0256775013279438,-0.00218403280442632,0.0326297808788638,-0.0970812456340161,0.00174787001572291,-18.31297,-1.557634,-69.23752,1.246566,0.0256775013279438,0.00218403280442632,0.4525,1,0,0,-1,-1
9,119321,-0.0246537669977755,-0.0104940104034378,0.0275886688897675,-0.0813932014291753,0.00130761239154605,-13.87969,-5.907964,-45.8231,0.7361653,0.0246537669977755,0.0104940104034378,0.505,1,1,0,-1,-1
10,155646,-0.0242197119384958,-0.00101523944240644,0.0335573071880199,-0.100334953350135,0.00203387612372774,-15.68051,-0.6572939,-64.95961,1.316787,0.0242197119384958,0.00101523944240644,0.4,1,0,0,-1,-1
11,149145,0.0203213060303588,0.00140588473965155,0.028935007695726,-0.00158297924453037,0.0886707468773519,9.901246,0.6849958,-0.7712824,43.20346,0.0203213060303588,0.00140588473965155,0.38,1,0,0,1,1
12,23028,0.0173970878446869,0.000976872996918769,0.0245576334598995,-0.00222033936930022,0.0761202376622479,5.677959,0.3188261,-0.7246614,24.84368,0.0173970878446869,0.000976872996918769,0.3875,1,0,0,1,1
13,150996,-0.0148789716313984,-0.00183899728590143,0.0193583089703472,-0.0586166594425555,0.00163833977254925,-19.27844,-2.382758,-75.94864,2.12277,0.0148789716313984,0.00183899728590143,0.4175,1,0,0,-1,-1
14,30459,-0.0139453149213131,-0.000199045018668867,0.0289076386699029,-0.100841847556483,0.00268844157238514,-37.7898,-0.5393834,-273.2669,7.285291,0.0139453149213131,0.000199045018668867,0.23625,1,0,0,-1,-1
15,7095,-0.0132322210517967,-0.000328103741049197,0.0247776845472091,-0.0810517666215643,0.00172238365082821,-7.471375,-0.1852588,-45.76466,0.972518,0.0132322210517967,0.000328103741049197,0.26125,1,0,0,-1,-1
16,32830,-0.0129079738838051,-0.000974757557797098,0.0174982397781184,-0.052232961685133,0.00168065656527228,-6.799263,-0.5134526,-27.51366,0.8852842,0.0129079738838051,0.000974757557797098,0.38125,1,0,0,-1,-1
17,46839,-0.0117791369637975,-0.000285383216371829,0.0212282383012955,-0.0690699313374579,0.00160914265172265,-14.39356,-0.3487251,-84.40027,1.966298,0.0117791369637975,0.000285383216371829,0.26875,1,0,0,-1,-1
18,40384,-0.01137887859764,-0.000248669634725318,0.0233647362685815,-0.0783630052069192,0.00227034301916383,-7.868827,-0.1719623,-54.19031,1.570009,0.01137887859764,0.000248669634725318,0.22625,1,0,0,-1,-1
19,42184,0.0113298290921541,0.000206247002312602,0.0252222073154394,-0.00330712182419181,0.0854273564024139,17.39964,0.3167412,-5.07887,131.194,0.0113298290921541,0.000206247002312602,0.20875,1,0,0,1,1
20,104881,-0.0103868305373927,-0.000166300726858304,0.0254476993325388,-0.0890200392053525,0.00276466510542856,-3.139499,-0.05026566,-26.90699,0.8356411,0.0103868305373927,0.000166300726858304,0.1825,1,0,0,-1,-1
21,92654,-0.0103661492638167,-0.000189225654910868,0.0233015673148262,-0.0830602428633118,0.00228682295932846,-2.439555,-0.0445321,-19.54728,0.5381777,0.0103661492638167,0.000189225654910868,0.2025,1,0,0,-1,-1
22,73497,-0.00901595959817013,-0.000546836278378841,0.0152211033165141,-0.0476876937424591,0.00164233308240486,-2.026176,-0.1228917,-10.71696,0.3690851,0.00901595959817013,0.000546836278378841,0.27625,0,0,0,-1,-1
23,29631,-0.00854760888645314,-0.000182489230136256,0.0190656133759874,-0.0655626767771837,0.0024380737279245,-86.56213,-1.848079,-663.9571,24.69052,0.00854760888645314,0.000182489230136256,0.2,0,0,0,-1,-1
24,149425,0.00751550514052393,0.000477329094942136,0.0134336814558436,-0.00212725460318685,0.0458300271728775,19.81563,1.258542,-5.60879,120.837,0.00751550514052393,0.000477329094942136,0.2425,0,0,0,1,1
25,82632,0.00751120158658331,6.99665857071942e-05,0.0215426502129175,-0.00288877294634023,0.0849161990065859,34.76087,0.3237963,-13.36887,392.9812,0.00751120158658331,6.99665857071942e-05,0.13875,0,0,0,1,1
26,108396,-0.00743858664899507,-0.000149112911171967,0.0175991535390256,-0.064571177014928,0.00214706007727705,-64.92513,-1.301481,-563.5872,18.73987,0.00743858664899507,0.000149112911171967,0.16875,0,0,0,-1,-1
27,72881,0.00741167333697658,0.00025891312305158,0.0148844654706117,-0.00212925655645457,0.050947858226696,4.059672,0.1418172,-1.16628,27.90619,0.00741167333697658,0.00025891312305158,0.21625,0,0,0,1,1
28,47453,-0.00653861404229652,1.0906123224745e-06,0.0518034927790975,-0.0294933349118941,0.00409974401712426,-0.6097565,0.0001017047,-2.750392,0.3823204,0.00653861404229652,1.0906123224745e-06,0.0425,0,0,0,-1,1
29,7173,0.00652251787779098,7.76688010731564e-05,0.0229174884726739,-0.00325992928670537,0.0830621291601406,1.954853,0.02327799,-0.977028,24.89441,0.00652251787779098,7.76688010731564e-05,0.115,0,0,0,1,1
30,15431,-0.00638670842115773,-3.21639237219164e-05,0.0416802764061321,-0.0546232314350683,0.00502379186608672,-0.78273,-0.003941885,-6.694409,0.6156963,0.00638670842115773,3.21639237219164e-05,0.06125,0,0,0,-1,-1
31,125589,0.00627410757007706,0.00018100640514574,0.0157351115634283,-0.0028007108662598,0.0571972018405607,11.62498,0.3353776,-5.189295,105.9778,0.00627410757007706,0.00018100640514574,0.165,0,0,0,1,1
32,120121,0.00622772339226841,0.000117081233256204,0.0144754378603203,-0.00258173687192805,0.0521703586481961,1.858388,0.0349377,-0.7704049,15.56793,0.00622772339226841,0.000117081233256204,0.17375,0,0,0,1,1
33,104409,0.00617322793358729,0.000187284533343779,0.013622424846682,-0.00157907312737214,0.0459794477761692,7.457954,0.2262608,-1.907698,55.54835,0.00617322793358729,0.000187284533343779,0.1825,0,0,0,1,1
34,34174,0.00616846853856146,0.000286535261776914,0.011784299597188,-0.00156087273393467,0.039921369339488,1.581348,0.07345617,-0.4001453,10.23424,0.00616846853856146,0.000286535261776914,0.2175,0,0,0,1,1
35,149752,0.00587911975086114,0.000273658775679835,0.0120801157566252,-0.0023985274511858,0.0433736164358793,4.924893,0.2292418,-2.009228,36.33374,0.00587911975086114,0.000273658775679835,0.2,0,0,0,1,1
36,13449,0.005839413704343,0.000199753296384905,0.0126013295723447,-0.00229893738143272,0.0424439348843419,30.92212,1.057777,-12.17383,224.7583,0.005839413704343,0.000199753296384905,0.19,0,0,0,1,1
37,30265,-0.00573732350178096,-0.000163926521821425,0.0130171426213073,-0.0465722036438341,0.00245252316389393,-6.003157,-0.1715219,-48.73008,2.566158,0.00573732350178096,0.000163926521821425,0.17,0,0,0,-1,-1
38,25714,-0.00569830308332577,-0.000178400202320573,0.0138042618530507,-0.0528440493224878,0.00181076501298223,-4.355444,-0.1363585,-40.39085,1.384041,0.00569830308332577,0.000178400202320573,0.16375,0,0,0,-1,-1
39,157722,-0.00562331288815787,-0.000145365764052926,0.016409578285164,-0.0612746790883313,0.00221002545131872,-2.169793,-0.05609035,-23.64325,0.8527531,0.00562331288815787,0.000145365764052926,0.12875,0,0,0,-1,-1
40,82918,0.00555312899912972,2.41340418022922e-05,0.0333031400584752,-0.00484081036378658,0.0630292991522045,0.4335822,0.001884359,-0.3779651,4.921258,0.00555312899912972,2.41340418022922e-05,0.06,0,0,0,1,1
41,85657,-0.00545601882245643,-0.000184187779813136,0.0122631838680205,-0.0447397840384538,0.00239512406589976,-5.30176,-0.1789802,-43.47485,2.327406,0.00545601882245643,0.000184187779813136,0.16875,0,0,0,-1,-1
42,28410,0.00540892386408691,0.000122390822263911,0.015315245606142,-0.00338521423727851,0.0552111820638403,4.369336,0.09886746,-2.73458,44.59966,0.00540892386408691,0.000122390822263911,0.13875,0,0,0,1,1
43,129262,0.00530456681965674,7.52052722943158e-05,0.0170381657680021,-0.00387787264702421,0.0662529551228014,49.96352,0.7083557,-36.52554,624.0341,0.00530456681965674,7.52052722943158e-05,0.125,0,0,0,1,1
44,38790,-0.00527784124713972,-1.55146563475766e-05,0.0395749145789616,-0.0285248950068575,0.00433890798286938,-0.6407449,-0.001883523,-3.463003,0.5267557,0.00527784124713972,1.55146563475766e-05,0.05375,0,0,0,-1,-1
45,108348,-0.00507776254284895,-0.000264226085356976,0.0112237602056654,-0.0404311095328206,0.00201030957855312,-1.237827,-0.06441149,-9.856059,0.4900615,0.00507776254284895,0.000264226085356976,0.1725,0,0,0,-1,-1
46,144497,0.00498040389812918,3.16375611425747e-05,0.0212042325745807,-0.00449029878085928,0.0739572466998223,1.554387,0.009874104,-1.401425,23.0821,0.00498040389812918,3.16375611425747e-05,0.07875,0,0,0,1,1
47,27059,0.00489886318065813,1.89719836334932e-06,0.0420122942087352,-0.00541145496301852,0.0223361330958329,0.6140453,0.0002378033,-0.6782958,2.79971,0.00489886318065813,1.89719836334932e-06,0.04,0,0,0,1,1
48,101493,-0.00482076612082212,-0.000133532653224025,0.0123545234415311,-0.0466584507353924,0.00270971559622304,-5.362376,-0.1485349,-51.90049,3.01415,0.00482076612082212,0.000133532653224025,0.14,0,0,0,-1,-1
49,133253,-0.00480864026947256,-0.000120724927110202,0.0118047277999559,-0.0452297880971211,0.00204519077106189,-2.376281,-0.05965852,-22.35116,1.01067,0.00480864026947256,0.000120724927110202,0.14375,0,0,0,-1,-1
50,131698,-0.00478961705359893,-5.84119195376458e-05,0.0182804749657232,-0.067794663661911,0.00318960114809612,-2.827368,-0.03448125,-40.02,1.88286,0.00478961705359893,5.84119195376458e-05,0.09625,0,0,0,-1,-1
51,121604,0.00477205782479625,0.000214090170611107,0.0109032971970425,-0.00225716196682799,0.0401897423626171,3.561362,0.1597744,-1.684508,29.9934,0.00477205782479625,0.000214090170611107,0.165,0,0,0,1,1
52,145,0.00472462475113385,0.000158382585329107,0.0115805075114278,-0.00199779954741605,0.04194315349164,1.760372,0.05901258,-0.7443703,15.62781,0.00472462475113385,0.000158382585329107,0.1575,0,0,0,1,1
53,15263,0.00465984231877692,0.000155772682474779,0.011272386122778,-0.00196979711329908,0.0429612236922438,4.164602,0.1392174,-1.76045,38.39537,0.00465984231877692,0.000155772682474779,0.15,0,0,0,1,1
54,144064,-0.00440252097426095,-0.000162260469980004,0.0105303197472998,-0.0387046205213315,0.00260213125163477,-0.730062,-0.02690736,-6.418316,0.4315067,0.00440252097426095,0.000162260469980004,0.15,0,0,0,-1,-1
55,76534,-0.00436703353894437,-0.000179257804937651,0.0107985768893753,-0.0434948691011354,0.00195046486346766,-32.80217,-1.346462,-326.7037,14.65056,0.00436703353894437,0.000179257804937651,0.145,0,0,0,-1,-1
56,62161,0.00435091956212314,0.000125027523563106,0.0139121726247291,-0.00293289205528906,0.0544935463289859,1.440414,0.04139156,-0.970962,18.04061,0.00435091956212314,0.000125027523563106,0.11,0,0,0,1,1
57,90423,0.0042955935258601,1.72046232026402e-05,0.0207189008938171,-0.00438665757912599,0.0752649092914079,0.5795527,0.002321212,-0.5918388,10.15459,0.0042955935258601,1.72046232026402e-05,0.075,0,0,0,1,1
58,9140,0.00429029330430261,0.000135940651337778,0.010775179513921,-0.00232481260042838,0.0389142947392288,3.656077,0.1158451,-1.981145,33.16175,0.00429029330430261,0.000135940651337778,0.1425,0,0,0,1,1
59,6232,-0.00427644932137737,-3.24314913730079e-05,0.0197426623354718,-0.0676889050694918,0.00430601318656145,-3.915627,-0.02969511,-61.97771,3.942697,0.00427644932137737,3.24314913730079e-05,0.07375,0,0,0,-1,-1
60,63366,0.00426275000770584,9.41720965601092e-05,0.0134210461139131,-0.00262159681029977,0.0507852124620414,1.835333,0.04054593,-1.128732,21.86564,0.00426275000770584,9.41720965601092e-05,0.11125,0,0,0,1,1
61,50251,0.00421277988369327,-1.13111335290187e-05,0.0512054660245166,-0.00363602941197113,0.00500354465182002,0.3700291,-0.0009935123,-0.3193703,0.4394859,0.00421277988369327,1.13111335290187e-05,0.025,0,0,0,1,-1
62,83828,0.00412619829348974,2.95851194953831e-05,0.0193394753175768,-0.0030981474554213,0.0665792158479689,1.798026,0.01289197,-1.350044,29.01246,0.00412619829348974,2.95851194953831e-05,0.0675,0,0,0,1,1
63,59276,0.00411957502549726,4.85950735652298e-05,0.0141687619217772,-0.00314335461652632,0.0552485667723165,2.162248,0.02550617,-1.649857,28.9984,0.00411957502549726,4.85950735652298e-05,0.10625,0,0,0,1,1
64,104954,0.00406430332759311,-9.41332208632755e-06,0.0366028041648733,-0.00579350195368455,0.0177785102122483,0.3834144,-0.0008880252,-0.546542,1.677173,0.00406430332759311,9.41332208632755e-06,0.0475,0,0,0,1,-1
65,67469,0.00404676929610039,0.000131776483810697,0.0103380491749104,-0.00192725899481598,0.041818262195873,2.326516,0.07575924,-1.107995,24.04162,0.00404676929610039,0.000131776483810697,0.13375,0,0,0,1,1
66,62931,0.00400954637708324,5.25883505919364e-06,0.0304251406576849,-0.005219265801173,0.0403138843771236,0.5545619,0.0007273515,-0.7218786,5.575829,0.00400954637708324,5.25883505919364e-06,0.055,0,0,0,1,1
67,69546,-0.00397111887346181,-6.70654482083122e-05,0.0126608472949203,-0.0462114421149701,0.00250062736676784,-5.609305,-0.09473162,-65.27482,3.532199,0.00397111887346181,6.70654482083122e-05,0.1125,0,0,0,-1,-1
68,103293,0.00386698827094385,0.000108113036274926,0.0138223340613908,-0.00335646979629153,0.0465496066148087,11.64124,0.3254651,-10.10437,140.1336,0.00386698827094385,0.000108113036274926,0.1,0,0,0,1,1
69,87166,0.00386554505164363,7.46234830628772e-05,0.0125331794975955,-0.00243016169272943,0.0511527937600639,2.666587,0.05147786,-1.67641,35.28697,0.00386554505164363,7.46234830628772e-05,0.10375,0,0,0,1,1
70,64748,-0.00385023188571592,-8.75700970369704e-05,0.0125060935007487,-0.0480296408484446,0.00304912650506306,-24.64103,-0.5604382,-307.384,19.51405,0.00385023188571592,8.75700970369704e-05,0.11375,0,0,0,-1,-1
71,105985,0.00384118269555011,8.19892280808e-05,0.0127127334081952,-0.0034605688072484,0.0480463051950223,43.73094,0.9334276,-39.39774,546.9956,0.00384118269555011,8.19892280808e-05,0.11125,0,0,0,1,1
72,103192,-0.00377390791198527,-5.6829754162606e-05,0.0109412069178099,-0.0381719692551744,0.00263760904246278,-39.60299,-0.5963654,-400.5726,27.67879,0.00377390791198527,5.6829754162606e-05,0.12375,0,0,0,-1,-1
73,35200,-0.00363880483986551,-5.88199970524768e-05,0.0123023334982954,-0.0469626220669952,0.00279716560531735,-1.411593,-0.02281791,-18.2181,1.085098,0.00363880483986551,5.88199970524768e-05,0.1,0,0,0,-1,-1
74,28610,0.0036161082449614,4.9230191100038e-05,0.0154443774314126,-0.00340222196655247,0.0591053563466547,17.62817,0.2399923,-16.58549,288.1327,0.0036161082449614,4.9230191100038e-05,0.07375,0,0,0,1,1
75,147582,0.00355902858959839,0.000160080183395237,0.00931857532888486,-0.00185508634070816,0.0364055050127469,0.4141972,0.01863002,-0.2158936,4.236847,0.00355902858959839,0.000160080183395237,0.11875,0,0,0,1,1
76,85046,-0.00353825629135079,-3.75136110193479e-05,0.0116942944688167,-0.0483236145075472,0.00379395261973266,-4.037703,-0.04280888,-55.14478,4.329492,0.00353825629135079,3.75136110193479e-05,0.11,0,0,0,-1,-1
77,49170,-0.00348873427749502,-3.85902244002013e-05,0.012214013031957,-0.0491177595299624,0.00294849381370337,-2.159552,-0.02388763,-30.40426,1.825139,0.00348873427749502,3.85902244002013e-05,0.09,0,0,0,-1,-1
78,30926,-0.00348542040582725,-7.96511351924347e-05,0.0125864633902329,-0.0416388578354432,0.00341091021486786,-1.630207,-0.03725458,-19.4754,1.595357,0.00348542040582725,7.96511351924347e-05,0.09875,0,0,0,-1,-1
79,83806,0.00347829497982423,8.53846345261641e-06,0.0284624167352923,-0.00855658516424608,0.0312199806139332,0.4032878,0.0009899846,-0.9920857,3.619773,0.00347829497982423,8.53846345261641e-06,0.06375,0,0,0,1,1
80,14350,0.00347373150671139,5.08711549603497e-05,0.0125362267612147,-0.00453898668249837,0.0502446471469748,46.21657,0.6768198,-60.38935,668.4844,0.00347373150671139,5.08711549603497e-05,0.1075,0,0,0,1,1
81,95461,0.00344873974133454,6.36238750881539e-05,0.0139413332755965,-0.00384564178285825,0.0482479334744642,1.344171,0.02479786,-1.498866,18.80498,0.00344873974133454,6.36238750881539e-05,0.08125,0,0,0,1,1
82,70469,0.00342330229959169,1.6031130804062e-05,0.034275674263238,-0.00688207932332653,0.0260291737679024,0.3473393,0.00162657,-0.698278,2.641004,0.00342330229959169,1.6031130804062e-05,0.055,0,0,0,1,1
83,112096,0.00341814275581016,7.34138002856801e-05,0.00935721279749051,-0.00231599127803489,0.0355739711967235,4.249256,0.09126418,-2.879119,44.22369,0.00341814275581016,7.34138002856801e-05,0.11625,0,0,0,1,1
84,123267,0.00340402674273413,7.63695023422885e-05,0.0112425212634629,-0.003838847035964,0.0460201909352531,35.78199,0.8027706,-40.35267,483.7488,0.00340402674273413,7.63695023422885e-05,0.1025,0,0,0,1,1
85,2417,-0.00339224563724147,-4.30668802449589e-06,0.0274301962007653,-0.0230380879598798,0.00635808574608413,-0.2922698,-0.0003710565,-1.98492,0.5478013,0.00339224563724147,4.30668802449589e-06,0.0425,0,0,0,-1,-1
86,105074,0.00332517561364925,0.00020516796836793,0.00873203639368676,-0.00217247783777309,0.0331478630441483,0.3054249,0.01884514,-0.199547,3.044706,0.00332517561364925,0.00020516796836793,0.11375,0,0,0,1,1
87,61083,-0.00321770704254797,-7.42825216495516e-05,0.0114822489964692,-0.0458485769984708,0.00265582197891397,-2.371054,-0.05473708,-33.78476,1.957014,0.00321770704254797,7.42825216495516e-05,0.08375,0,0,0,-1,-1
88,156809,0.00319992529616791,0.00010225407520702,0.00947147245218866,-0.00332678226600365,0.0344447807755214,2.400799,0.07671788,-2.495976,25.84279,0.00319992529616791,0.00010225407520702,0.11,0,0,0,1,1
89,27843,0.00308788870906723,8.70764257473781e-05,0.00917388724253395,-0.00238138713058931,0.0339225368078321,6.314794,0.178073,-4.869984,69.37226,0.00308788870906723,8.70764257473781e-05,0.1025,0,0,0,1,1
90,154928,0.00307792210875639,9.14707487517824e-05,0.0106538877926683,-0.00222453322422032,0.0381412696832452,1.043378,0.03100746,-0.7540895,12.92942,0.00307792210875639,9.14707487517824e-05,0.08,0,0,0,1,1
91,73455,-0.0030692802209984,-9.57322137834808e-05,0.00951123571204164,-0.0384025638486975,0.00209953942329226,-37.18724,-1.159887,-465.2835,25.43792,0.0030692802209984,9.57322137834808e-05,0.095,0,0,0,-1,-1
92,111946,0.00304566670201634,-1.91570120710704e-08,0.0376892161029764,-0.0108085840029943,0.0126153967248123,0.2922151,-1.838011e-06,-1.037025,1.210379,0.00304566670201634,1.91570120710704e-08,0.05375,0,0,0,1,-1
93,42817,-0.00303662632403799,-6.09776962682556e-05,0.00912626221510715,-0.035331991442755,0.00327397654052666,-18.71402,-0.3757913,-217.7428,20.17675,0.00303662632403799,6.09776962682556e-05,0.10875,0,0,0,-1,-1
94,133612,0.003035440629994,1.42223903721905e-05,0.0317911067124047,-0.00596644730633199,0.0160168778827322,0.3049163,0.001428669,-0.5993419,1.608928,0.003035440629994,1.42223903721905e-05,0.0425,0,0,0,1,1
95,137987,0.00303254092373795,6.1009007277316e-05,0.00996254925449315,-0.0023609632502622,0.0382664409870428,3.821452,0.07688042,-2.975165,48.22141,0.00303254092373795,6.1009007277316e-05,0.08625,0,0,0,1,1
96,96823,-0.00302298031271734,-9.38365659675537e-05,0.00922943459911702,-0.03463442686374,0.00264178052942011,-3.800207,-0.1179625,-43.53914,3.320998,0.00302298031271734,9.38365659675537e-05,0.10375,0,0,0,-1,-1
97,147082,-0.00292053331070637,-0.000141008329787911,0.00849996638117425,-0.0322796228808059,0.00183363477338596,-1.043636,-0.05038852,-11.53494,0.6552389,0.00292053331070637,0.000141008329787911,0.10625,0,0,0,-1,-1
98,121112,0.00284511473887724,9.74735372964617e-05,0.00878045773565836,-0.00288885452933551,0.0323448503060605,2.786716,0.09547279,-2.829558,31.68094,0.00284511473887724,9.74735372964617e-05,0.0975,0,0,0,1,1
99,120309,-0.00281027031208937,-9.90912494294279e-05,0.00849407181526873,-0.0322986547054265,0.00246374283661985,-4.737324,-0.1670399,-54.44643,4.153176,0.00281027031208937,9.90912494294279e-05,0.095,0,0,0,-1,-1
100,8115,-0.00279916298997193,-2.18873447000837e-05,0.0177758837327391,-0.0315202768826634,0.00358591580223914,-0.3770841,-0.002948514,-4.246197,0.4830701,0.00279916298997193,2.18873447000837e-05,0.04625,0,0,0,-1,-1
101,61233,0.00278928407101084,7.44659586925955e-05,0.0104896622805223,-0.00211864883020179,0.0334628143113785,24.70497,0.6595525,-18.76509,296.3835,0.00278928407101084,7.44659586925955e-05,0.07875,0,0,0,1,1
102,87253,-0.00278819940998329,-8.3851349383232e-05,0.0085217839579701,-0.0330553559996598,0.00224410228363652,-0.9699358,-0.02916951,-11.49902,0.7806597,0.00278819940998329,8.3851349383232e-05,0.095,0,0,0,-1,-1
103,100527,-0.00278023955494866,-9.65380370254214e-05,0.00851346889338324,-0.0353507769369989,0.00247960800282355,-25.13588,-0.8727912,-319.603,22.4179,0.00278023955494866,9.65380370254214e-05,0.1,0,0,0,-1,-1
104,15670,-0.00277236611050606,-9.30766380081116e-05,0.00918782838000228,-0.0358798692041174,0.00231241682918171,-2.250293,-0.0755491,-29.12322,1.876959,0.00277236611050606,9.30766380081116e-05,0.09375,0,0,0,-1,-1
105,60255,-0.00273790575219624,-8.4403313067789e-05,0.00930988068273239,-0.0369039177510685,0.00214791099351558,-2.510098,-0.07738052,-33.83332,1.969193,0.00273790575219624,8.4403313067789e-05,0.08375,0,0,0,-1,-1
106,156846,-0.00273490351226467,-3.60526998520898e-05,0.0108031763307022,-0.040288059353205,0.00254079956533362,-1.601047,-0.0211057,-23.58514,1.487416,0.00273490351226467,3.60526998520898e-05,0.07875,0,0,0,-1,-1
107,150126,0.00273299342460863,0.000115516559443164,0.00812249974315507,-0.00191211625114486,0.0296260699713255,1.857652,0.07851813,-1.299691,20.13723,0.00273299342460863,0.000115516559443164,0.09625,0,0,0,1,1
108,17384,0.00270672049921433,9.34621839863495e-06,0.0210248183362114,-0.00526786680120641,0.0282941810117905,0.341472,0.001179092,-0.6645788,3.569512,0.00270672049921433,9.34621839863495e-06,0.05,0,0,0,1,1
109,4198,-0.00265851852381741,-7.66325069158046e-05,0.00806473535415148,-0.0307302089365328,0.00283787651672144,-2.660292,-0.07668362,-30.7507,2.839769,0.00265851852381741,7.66325069158046e-05,0.0975,0,0,0,-1,-1
110,99516,0.00265293616851144,7.81645302854506e-05,0.00786902855452989,-0.00224920605581437,0.0297848507706384,2.074556,0.06112348,-1.758845,23.2913,0.00265293616851144,7.81645302854506e-05,0.08875,0,0,0,1,1
111,85008,-0.00264875666657826,-0.000126346445727552,0.00771860103711232,-0.0292114159972439,0.00250470065565328,-1.756578,-0.08378925,-19.37215,1.661044,0.00264875666657826,0.000126346445727552,0.0975,0,0,0,-1,-1
112,100675,-0.00262283532776378,-7.85748226265905e-05,0.00714779419490184,-0.0280115901194217,0.00229474276675332,-1.024927,-0.03070473,-10.94611,0.896718,0.00262283532776378,7.85748226265905e-05,0.10125,0,0,0,-1,-1
113,152861,-0.00261644579843485,-0.000114565352037448,0.00720796777145253,-0.0252754519320862,0.00231548806154528,-4.91696,-0.2152971,-47.49894,4.351385,0.00261644579843485,0.000114565352037448,0.10125,0,0,0,-1,-1
114,51930,-0.00259320180774609,-1.27513413428226e-05,0.0345157011342602,-0.0159014797925589,0.00896570302690937,-0.2438186,-0.001198909,-1.495093,0.8429753,0.00259320180774609,1.27513413428226e-05,0.0575,0,0,0,-1,-1
115,145007,-0.00257614460764709,-0.000114285656074382,0.00860515775876779,-0.0339151062387995,0.00273655703131995,-1.962994,-0.0870844,-25.84293,2.085226,0.00257614460764709,0.000114285656074382,0.08,0,0,0,-1,-1
116,46777,-0.00257290417245215,-0.000106524523405133,0.00775465200765277,-0.0302367239327721,0.00222711934632162,-1.909274,-0.07904861,-22.43776,1.652678,0.00257290417245215,0.000106524523405133,0.08375,0,0,0,-1,-1
117,57717,0.00256549293913792,0.000114266617244968,0.00717520660119538,-0.00207752966509624,0.0269131722258539,3.504178,0.1560755,-2.837674,36.7604,0.00256549293913792,0.000114266617244968,0.0975,0,0,0,1,1
118,30257,-0.00256413440015714,-0.000163007361123193,0.00798931040483739,-0.0298036198597101,0.00249597358661395,-1.415123,-0.08996233,-16.44836,1.377506,0.00256413440015714,0.000163007361123193,0.08375,0,0,0,-1,-1
119,35419,-0.00254712987715217,-1.34359502099054e-05,0.0334047550345153,-0.00562335757794227,0.00485888461146064,-0.2684731,-0.001416179,-0.5927143,0.5121372,0.00254712987715217,1.34359502099054e-05,0.03375,0,0,0,-1,-1
120,50246,-0.00251349804014902,-7.94560541188522e-05,0.00988421263448578,-0.0327279723896188,0.00295794015488866,-3.234614,-0.1022518,-42.11754,3.806565,0.00251349804014902,7.94560541188522e-05,0.0725,0,0,0,-1,-1
121,46513,0.00250136024586571,7.26654521220716e-05,0.00842787834387732,-0.00241418074074533,0.0360948632794004,1.340621,0.03894553,-1.293896,19.34528,0.00250136024586571,7.26654521220716e-05,0.08375,0,0,0,1,1
122,106290,-0.00249109728818086,-7.62252597781714e-05,0.00841043821140543,-0.0322135180734846,0.00256397736064303,-1.382841,-0.04231366,-17.88215,1.423298,0.00249109728818086,7.62252597781714e-05,0.0825,0,0,0,-1,-1
123,5077,-0.00248484838288187,-7.134366679489e-05,0.00862678312235603,-0.0334797185573425,0.00230213008664611,-1.031932,-0.0296283,-13.90379,0.9560512,0.00248484838288187,7.134366679489e-05,0.09,0,0,0,-1,-1
124,119275,-0.0024745504605168,-0.000131873091948856,0.00749176401447372,-0.0298488632876382,0.00238190158091212,-1.058507,-0.05640967,-12.76807,1.018876,0.0024745504605168,0.000131873091948856,0.09,0,0,0,-1,-1
125,45420,-0.00246258953838764,-4.94191821031124e-05,0.0100093281712656,-0.0380384915723741,0.0032024995120546,-15.75612,-0.3161934,-243.3776,20.49021,0.00246258953838764,4.94191821031124e-05,0.0725,0,0,0,-1,-1
126,153500,0.00243583269140077,8.79813780714255e-06,0.0231121211619426,-0.00807636145880809,0.0180768970294908,0.2756433,0.0009956134,-0.9139359,2.045615,0.00243583269140077,8.79813780714255e-06,0.045,0,0,0,1,1
127,133667,-0.00242413269878961,-6.84081505743794e-05,0.00776122876537405,-0.0283684083819166,0.00276335591146573,-0.3839249,-0.01083422,-4.492881,0.4376498,0.00242413269878961,6.84081505743794e-05,0.08875,0,0,0,-1,-1
128,110523,0.00240384985842966,1.33479223204408e-05,0.0210228903671816,-0.00499041811668273,0.0189893687682342,0.277181,0.00153911,-0.5754307,2.189609,0.00240384985842966,1.33479223204408e-05,0.0425,0,0,0,1,1
129,122251,-0.00239154900461475,-9.74275122417979e-05,0.00826090181140349,-0.0325777489172599,0.00198425450243416,-1.227675,-0.05001334,-16.72343,1.018595,0.00239154900461475,9.74275122417979e-05,0.075,0,0,0,-1,-1
130,39231,-0.00234610428641035,-2.11853215840015e-06,0.019534966174906,-0.022915988344337,0.0061189858640131,-0.2974639,-0.0002686099,-2.905531,0.7758297,0.00234610428641035,2.11853215840015e-06,0.05125,0,0,0,-1,-1
131,138873,-0.00234052165893731,-2.95374530230521e-05,0.00947475570565046,-0.0339484018031919,0.00326277567015955,-0.5140158,-0.006486895,-7.455609,0.7165574,0.00234052165893731,2.95374530230521e-05,0.07625,0,0,0,-1,-1
132,6064,0.00232758198018441,1.40389081664717e-05,0.0192635810787347,-0.00678248660418204,0.0185793290535159,0.2651944,0.001599531,-0.7727665,2.116847,0.00232758198018441,1.40389081664717e-05,0.05625,0,0,0,1,1
133,100145,0.00232489414241105,9.68766586374862e-05,0.00681430030333109,-0.00220599279382477,0.0244236080509742,6.348341,0.2645308,-6.02367,66.69095,0.00232489414241105,9.68766586374862e-05,0.0925,0,0,0,1,1
134,149105,0.00231962664295307,5.39187487755128e-05,0.0097936728092131,-0.00288684476836735,0.0367943219512573,1.061545,0.02467516,-1.321124,16.83841,0.00231962664295307,5.39187487755128e-05,0.07,0,0,0,1,1
135,2891,-0.00231183739219454,-7.46003108697197e-06,0.0218249674421739,-0.0170936140871836,0.00574931933667179,-0.2523232,-0.0008142176,-1.865665,0.6275037,0.00231183739219454,7.46003108697197e-06,0.04125,0,0,0,-1,-1
136,88317,-0.00228541249412179,-9.97186239139009e-05,0.00694420373967539,-0.0271945327127511,0.00234108510927783,-2.484564,-0.1084081,-29.56427,2.545088,0.00228541249412179,9.97186239139009e-05,0.07875,0,0,0,-1,-1
137,91821,-0.00228230960050789,-0.000100447968312871,0.0069808137912621,-0.0275488836630973,0.00253294889540451,-2.545561,-0.1120341,-30.72649,2.82511,0.00228230960050789,0.000100447968312871,0.07875,0,0,0,-1,-1
138,109174,0.00225755774207813,0.000132349392719085,0.00674272627793397,-0.00282674258832321,0.0249342959339714,0.30421,0.01783432,-0.3809087,3.359941,0.00225755774207813,0.000132349392719085,0.09625,0,0,0,1,1
139,53777,0.0022559036746843,4.55636339233253e-05,0.0094252288294988,-0.00313976810609775,0.0321858134584844,12.77861,0.258096,-17.78527,182.3171,0.0022559036746843,4.55636339233253e-05,0.06375,0,0,0,1,1
140,17553,-0.002253696998054,-1.21601880417689e-05,0.0204062825396509,-0.0132211148468082,0.00407840085156982,-0.2769094,-0.00149411,-1.624465,0.5011089,0.002253696998054,1.21601880417689e-05,0.03875,0,0,0,-1,-1
141,131925,-0.00224082235648333,-5.37932018422029e-05,0.00755679554731448,-0.0280927229065823,0.00268388635440888,-0.8285096,-0.01988921,-10.38685,0.9923257,0.00224082235648333,5.37932018422029e-05,0.08375,0,0,0,-1,-1
142,97770,0.00223942443119821,6.93720939059936e-05,0.00927201971296762,-0.00238564279102193,0.0301747970776252,0.8801705,0.02726561,-0.9376393,11.85973,0.00223942443119821,6.93720939059936e-05,0.0675,0,0,0,1,1
143,73002,0.00222489663067916,3.52563147497558e-05,0.00931275147693998,-0.0020394561501449,0.0382671569164839,1.720278,0.02726,-1.576897,29.58797,0.00222489663067916,3.52563147497558e-05,0.05375,0,0,0,1,1
144,84378,0.00221244908923724,7.62460424513401e-05,0.00743704835981746,-0.003408372798038,0.0269487969453881,0.3176404,0.01094661,-0.4893387,3.869027,0.00221244908923724,7.62460424513401e-05,0.08375,0,0,0,1,1
145,96136,-0.00221162726532588,-6.45232508011441e-05,0.0092310054523687,-0.0324763465096659,0.00261353679786713,-15.94966,-0.4653242,-234.2106,18.84812,0.00221162726532588,6.45232508011441e-05,0.065,0,0,0,-1,-1
146,90949,0.00220820524953533,1.42886387564983e-05,0.0243203116157571,-0.00572582188770084,0.0161877087975236,0.2382995,0.001541965,-0.6179048,1.746904,0.00220820524953533,1.42886387564983e-05,0.04625,0,0,0,1,1
147,20340,0.00220663373737733,0.000100235066625909,0.00646934071829122,-0.00289844956340572,0.0244200569651872,2.490604,0.1131343,-3.27145,27.56266,0.00220663373737733,0.000100235066625909,0.085,0,0,0,1,1
148,117136,0.00219641907301109,3.74278470945016e-05,0.0130238393531604,-0.00434619444824288,0.0311340781864132,11.33089,0.1930829,-22.42116,160.6146,0.00219641907301109,3.74278470945016e-05,0.04875,0,0,0,1,1
149,23808,0.00219209086012579,0.000116922515810641,0.00671445146621619,-0.00240898983229341,0.0265063942550712,2.435934,0.1299287,-2.67696,29.4549,0.00219209086012579,0.000116922515810641,0.08,0,0,0,1,1
150,71057,-0.00218660739661138,-4.43485038697892e-05,0.0080782766085214,-0.0294960927897968,0.00312860974001066,-3.168899,-0.06427123,-42.74665,4.534079,0.00218660739661138,4.43485038697892e-05,0.07875,0,0,0,-1,-1
151,39802,0.00218066088776036,3.2610708760304e-05,0.00966275625569412,-0.00319472755968298,0.0313316503801757,11.39792,0.1704503,-16.69827,163.7649,0.00218066088776036,3.2610708760304e-05,0.06625,0,0,0,1,1
152,50526,-0.00216347912518095,-0.000107455843030593,0.00692822128396149,-0.0266718166859264,0.0031937456895739,-0.2480044,-0.0123179,-3.057449,0.3661061,0.00216347912518095,0.000107455843030593,0.0775,0,0,0,-1,-1
153,90800,-0.00215846569912475,-5.61862437315029e-05,0.00858049207888402,-0.0295833450709643,0.00355762301321383,-19.09246,-0.496989,-261.6761,31.46855,0.00215846569912475,5.61862437315029e-05,0.0725,0,0,0,-1,-1
154,112357,-0.00215117392141931,-3.46160845671619e-05,0.00952852694831316,-0.030376652857099,0.00370884669598371,-3.353095,-0.05395705,-47.34893,5.781082,0.00215117392141931,3.46160845671619e-05,0.07,0,0,0,-1,-1
155,4753,-0.00213854286116785,-0.000113730422063876,0.00786982899045611,-0.0227529969822835,0.00287992054100336,-2.075361,-0.1103703,-22.08078,2.794836,0.00213854286116785,0.000113730422063876,0.0675,0,0,0,-1,-1
156,35414,-0.00211653156171352,-5.36484972089568e-05,0.00743551075854703,-0.0306356969007989,0.00256186675179123,-0.8032613,-0.02036056,-11.62679,0.9722738,0.00211653156171352,5.36484972089568e-05,0.06875,0,0,0,-1,-1
157,8843,-0.00210989239981556,-0.000138394120717798,0.00590948417794271,-0.0242082206445984,0.00192519185380173,-0.6301021,-0.04133027,-7.229587,0.5749428,0.00210989239981556,0.000138394120717798,0.07625,0,0,0,-1,-1
158,93162,-0.00210716654451645,-9.13808239583255e-05,0.00718099349444682,-0.0242865000234864,0.00198619138752095,-30.97049,-1.343088,-356.9556,29.19244,0.00210716654451645,9.13808239583255e-05,0.07625,0,0,0,-1,-1
159,19891,0.00210635435421993,9.19302551212609e-05,0.0068961145360407,-0.002914433001954,0.0266421933469116,0.317037,0.01383684,-0.4386646,4.010037,0.00210635435421993,9.19302551212609e-05,0.0725,0,0,0,1,1
160,75064,0.00210537235587061,7.51014351876893e-05,0.00765325498830867,-0.00238829184425954,0.0270200710481759,24.84711,0.8863293,-28.18605,318.8845,0.00210537235587061,7.51014351876893e-05,0.0625,0,0,0,1,1
161,153306,0.00210176264973192,2.11339764871918e-05,0.0141364446883777,-0.00406491173882811,0.0256104641037032,0.3279862,0.003298019,-0.6343414,3.996588,0.00210176264973192,2.11339764871918e-05,0.04625,0,0,0,1,1
162,98187,-0.00209173387660883,-5.08543884189444e-05,0.00612712772078846,-0.0230414723048734,0.00243857632045491,-1.642964,-0.03994387,-18.09805,1.915394,0.00209173387660883,5.08543884189444e-05,0.0925,0,0,0,-1,-1
163,130889,-0.00208645616253646,-5.88794941256543e-05,0.00722349886149648,-0.0280112212580669,0.00184187569771548,-1.573725,-0.04441028,-21.12767,1.389248,0.00208645616253646,5.88794941256543e-05,0.07125,0,0,0,-1,-1
164,47783,-0.00205186092413868,-7.09595512422165e-05,0.00667095174035648,-0.0262008227053425,0.00231764145025569,-1.163692,-0.04024398,-14.85953,1.314427,0.00205186092413868,7.09595512422165e-05,0.07375,0,0,0,-1,-1
165,91647,0.00203322327538138,2.53046980752801e-05,0.00870722561598093,-0.00383715410479316,0.0297472074207781,14.48366,0.1802579,-27.33395,211.9041,0.00203322327538138,2.53046980752801e-05,0.07,0,0,0,1,1
166,45246,0.00203131595293009,4.91023189508652e-05,0.00641438819852519,-0.00305808762460492,0.0252339598656433,1.061566,0.02566087,-1.598157,13.18727,0.00203131595293009,4.91023189508652e-05,0.08375,0,0,0,1,1
167,19339,0.00203121569623843,7.75710094851479e-05,0.00659623158976064,-0.00264861410657587,0.0254015323945644,0.3529408,0.01347862,-0.460219,4.41373,0.00203121569623843,7.75710094851479e-05,0.075,0,0,0,1,1
168,74808,-0.00202404007769674,-0.000129264539859604,0.00673088541176454,-0.026218981408616,0.00266143463852084,-1.203111,-0.07683621,-15.58484,1.581985,0.00202404007769674,0.000129264539859604,0.0675,0,0,0,-1,-1
169,82266,-0.00202002708118769,-8.83603022833236e-05,0.00685360170834587,-0.0273957198599759,0.002530070990313,-0.8859152,-0.03875183,-12.01483,1.109603,0.00202002708118769,8.83603022833236e-05,0.07125,0,0,0,-1,-1
170,157933,0.00201963396690744,0.000107902457990526,0.00658288219432316,-0.00205597843222715,0.0226051438923061,0.3384925,0.01808455,-0.3445839,3.788643,0.00201963396690744,0.000107902457990526,0.07125,0,0,0,1,1
171,71519,0.00199909795631861,1.2240486993743e-05,0.0172950239540263,-0.00468848455635481,0.0161528231496727,0.2959662,0.001812203,-0.6941296,2.391424,0.00199909795631861,1.2240486993743e-05,0.04375,0,0,0,1,1
172,84589,0.00199683673915375,7.09829846304166e-05,0.00595082046555137,-0.00238232637234142,0.0233136806899568,0.2511709,0.008928553,-0.2996595,2.932498,0.00199683673915375,7.09829846304166e-05,0.0725,0,0,0,1,1
173,118735,0.00199159662828697,7.0565976935711e-05,0.00729443033954329,-0.00315304539078835,0.0252548168060354,2.278994,0.08074899,-3.608045,28.89921,0.00199159662828697,7.0565976935711e-05,0.07625,0,0,0,1,1
174,116892,0.0019883836123736,2.62890875419653e-05,0.01025187652599,-0.0033500408034655,0.0326826202412604,0.8868455,0.01172528,-1.494163,14.57688,0.0019883836123736,2.62890875419653e-05,0.0525,0,0,0,1,1
175,68797,0.00198830908523304,9.47302780767203e-05,0.00641705953720822,-0.00258808460431426,0.0237716408169892,0.484001,0.02305957,-0.6300004,5.786574,0.00198830908523304,9.47302780767203e-05,0.07875,0,0,0,1,1
176,47417,0.00198537515775638,8.09241832146535e-06,0.0102973434069839,-0.00314109018471623,0.029580722547574,5.042564,0.02055357,-7.977913,75.13074,0.00198537515775638,8.09241832146535e-06,0.05375,0,0,0,1,1
177,52822,0.00198175987595341,4.83957933001832e-05,0.0077533555287989,-0.00302912426465371,0.0302662452520493,2.400239,0.05861532,-3.668771,36.65743,0.00198175987595341,4.83957933001832e-05,0.06625,0,0,0,1,1
178,100057,0.00197855247686399,8.47658850045039e-06,0.0163943690900656,-0.00473888293519315,0.0184746413669561,0.2177383,0.0009328425,-0.5215107,2.033121,0.00197855247686399,8.47658850045039e-06,0.05,0,0,0,1,1
179,47797,0.00197744061837303,7.27730837926496e-05,0.00731475046668803,-0.0028613943331524,0.0287499233707329,0.9188679,0.03381586,-1.329619,13.35938,0.00197744061837303,7.27730837926496e-05,0.06,0,0,0,1,1
180,105568,0.00197641986476673,2.92731901183971e-05,0.00806855673407309,-0.00256155649164733,0.0257253131844804,8.61102,0.1275397,-11.16039,112.082,0.00197641986476673,2.92731901183971e-05,0.06125,0,0,0,1,1
181,36045,-0.00197623182454615,-2.86097682866501e-05,0.00740744246802455,-0.0273595572050469,0.00330185119495307,-0.7873428,-0.01139831,-10.90021,1.315478,0.00197623182454615,2.86097682866501e-05,0.07625,0,0,0,-1,-1
182,77768,0.0019695117271178,9.28742554524953e-05,0.00640732758768527,-0.00286820841793651,0.0243310025242515,0.2296525,0.01082949,-0.334444,2.837087,0.0019695117271178,9.28742554524953e-05,0.07875,0,0,0,1,1
183,143363,0.00195991800686927,7.08216017356285e-05,0.00637809944323422,-0.00280971935281524,0.0248309600435951,0.428289,0.01547621,-0.6139909,5.426159,0.00195991800686927,7.08216017356285e-05,0.07875,0,0,0,1,1
184,153196,0.00195477482087113,5.62802843957665e-05,0.0077593146989313,-0.00288424122753573,0.0279522279942301,1.164202,0.03351877,-1.717763,16.64747,0.00195477482087113,5.62802843957665e-05,0.06125,0,0,0,1,1
185,53162,-0.00195332272007098,-4.12199925460667e-05,0.00789286074254883,-0.026358110269888,0.00350892827033732,-2.08728,-0.04404683,-28.16573,3.749568,0.00195332272007098,4.12199925460667e-05,0.07125,0,0,0,-1,-1
186,74704,0.00193008195960462,8.78261549470917e-05,0.00648761153115094,-0.00239834077935564,0.025123270507264,0.3868894,0.01760495,-0.4807529,5.036017,0.00193008195960462,8.78261549470917e-05,0.07375,0,0,0,1,1
187,26287,0.00192522067752582,5.70494261442722e-05,0.00829210467601981,-0.00277982412540414,0.029604649859596,15.2306,0.4513233,-21.99145,234.2051,0.00192522067752582,5.70494261442722e-05,0.05625,0,0,0,1,1
188,40692,0.00192297521202471,2.4829565577361e-05,0.00891139854052749,-0.00368727159510714,0.0302161730495557,1.391988,0.01797342,-2.669112,21.87264,0.00192297521202471,2.4829565577361e-05,0.0675,0,0,0,1,1
189,132650,0.00191262956602846,6.66926157346387e-06,0.0149999004685483,-0.00578726405877786,0.0212299550803409,3.468777,0.01209549,-10.49588,38.50301,0.00191262956602846,6.66926157346387e-06,0.04625,0,0,0,1,1
190,7506,0.00189554037870324,1.33793285084885e-05,0.0168528024394342,-0.00489014221857144,0.0122056118853807,0.2198227,0.001551579,-0.5671017,1.415465,0.00189554037870324,1.33793285084885e-05,0.03875,0,0,0,1,1
191,81486,-0.001892979725149,-5.87741836267234e-05,0.00636440079143809,-0.0266906285806882,0.00215350810656481,-0.4800346,-0.01490436,-6.768391,0.5461012,0.001892979725149,5.87741836267234e-05,0.06375,0,0,0,-1,-1
192,101199,-0.00189285803305907,-9.8947910525569e-05,0.00602147090918496,-0.0213220286464052,0.00245477456649788,-0.6077331,-0.03176885,-6.845787,0.7881457,0.00189285803305907,9.8947910525569e-05,0.0725,0,0,0,-1,-1
193,149693,-0.00188378109214439,-1.14840837330567e-05,0.010128117962986,-0.0307230229993046,0.00460906595625164,-0.6363323,-0.003879269,-10.37809,1.556921,0.00188378109214439,1.14840837330567e-05,0.05875,0,0,0,-1,-1
194,48823,-0.00188278698029126,-7.62803571314451e-05,0.00724637858641196,-0.0232679593439023,0.00200549939366408,-3.190966,-0.1292807,-39.43476,3.39894,0.00188278698029126,7.62803571314451e-05,0.0625,0,0,0,-1,-1
195,45489,0.00188046498972417,8.72604187630454e-05,0.00729056512486295,-0.00274224796294702,0.0302378481708102,4.035625,0.1872677,-5.885079,64.89279,0.00188046498972417,8.72604187630454e-05,0.065,0,0,0,1,1
196,35123,-0.00186863670210086,-5.86268973230729e-05,0.00732192314293875,-0.0252533898755964,0.00205687625231674,-11.11383,-0.3486871,-150.1961,12.2334,0.00186863670210086,5.86268973230729e-05,0.06125,0,0,0,-1,-1
197,912,0.00186619400902536,7.89892604170252e-05,0.00587455003449608,-0.00252859407198347,0.0206041517007962,6.095568,0.2580034,-8.259171,67.29955,0.00186619400902536,7.89892604170252e-05,0.0725,0,0,0,1,1
198,38111,0.00185747737077858,6.62833975212747e-06,0.0155010215407727,-0.00476560898452596,0.0149045720106873,0.2337692,0.0008341968,-0.5997665,1.875786,0.00185747737077858,6.62833975212747e-06,0.04,0,0,0,1,1
199,77634,0.00184432115497309,7.84611573130084e-05,0.00641946719418542,-0.00232590817776551,0.0237826613221572,0.5206487,0.02214945,-0.6565999,6.713804,0.00184432115497309,7.84611573130084e-05,0.07375,0,0,0,1,1
200,59799,0.00184381523361292,6.51284002963172e-05,0.00640847127747551,-0.00229307657129258,0.0251140228844603,0.7669839,0.02709189,-0.9538661,10.44685,0.00184381523361292,6.51284002963172e-05,0.0725,0,0,0,1,1
