obs_id,y_raw,yhat_raw,residual
1,9,16.851136148172493,-7.851136148172493
2,3,16.8443903072116,-13.8443903072116
3,9,5.498735786868178,3.5012642131318223
4,3,3.2129787799769005,-0.2129787799769005
5,3,-1.2815721299165617,4.281572129916562
6,9,22.66829896412701,-13.668298964127011
7,72,72.50804960484857,-0.5080496048485657
8,9,27.8712426596827,-18.8712426596827
9,72,88.01995281775606,-16.019952817756064
10,48,45.65124340608328,2.3487565939167183
11,9,35.08721855309932,-26.08721855309932
12,72,67.29547116397619,4.704528836023812
13,3,4.776386074662625,-1.776386074662625
14,9,25.019789329877035,-16.019789329877035
15,48,43.216692011294874,4.7833079887051255
16,48,42.27226033288774,5.72773966711226
17,3,1.5889556946347128,1.4110443053652872
18,48,54.87727061481249,-6.877270614812488
19,48,51.249270867503164,-3.2492708675031636
20,9,16.482616961735292,-7.4826169617352924
21,9,9.381076825598615,-0.38107682559861544
22,3,1.7079658902884631,1.2920341097115369
23,72,77.20321169900194,-5.20321169900194
24,48,43.02758800920525,4.972411990794747
25,72,82.10121754060725,-10.101217540607252
26,48,50.37715432284877,-2.3771543228487673
27,9,15.077546858643654,-6.077546858643654
28,9,18.633104347388734,-9.633104347388734
29,72,77.84395978062929,-5.843959780629291
30,72,73.31776157516428,-1.3177615751642833
31,48,47.575446581548405,0.42455341845159467
32,48,47.56302441141973,0.4369755885802675
33,48,36.95688538680617,11.04311461319383
34,9,16.830340520327212,-7.830340520327212
35,48,44.36874556783557,3.6312544321644324
36,3,4.369929655796916,-1.3699296557969163
37,72,86.77495576957614,-14.774955769576138
38,72,75.44565979869509,-3.4456597986950896
39,3,8.592551135862792,-5.5925511358627915
40,72,63.31773770162502,8.68226229837498
41,72,44.22198106557727,27.778018934422732
42,9,19.0567534113106,-10.056753411310599
43,48,64.2955622559657,-16.295562255965706
44,3,-2.9083367883405273,5.908336788340527
45,72,62.848157550802384,9.151842449197616
46,72,45.048269987983396,26.951730012016604
47,48,57.576232019943006,-9.576232019943006
48,72,74.55930954044709,-2.5593095404470887
49,72,79.89223396851011,-7.892233968510112
50,9,30.120327066869166,-21.120327066869166
51,48,52.35593416536846,-4.35593416536846
52,48,57.53325004136502,-9.533250041365022
53,48,44.93936041469252,3.0606395853074773
54,9,8.803373759239104,0.19662624076089585
55,3,3.6997410215480144,-0.6997410215480144
56,9,12.647043596078923,-3.647043596078923
57,9,23.883416640011227,-14.883416640011227
58,3,4.682529856516815,-1.6825298565168154
59,3,21.800913581186627,-18.800913581186627
60,9,13.378908272176236,-4.378908272176236
61,72,75.07697585960386,-3.0769758596038628
62,3,-10.467206097823919,13.467206097823919
63,9,14.54122988919124,-5.541229889191239
64,9,17.08373317550538,-8.08373317550538
65,9,26.66135919066414,-17.66135919066414
66,9,15.85285545654611,-6.852855456546109
67,72,56.89753519478171,15.10246480521829
68,9,24.816523393491114,-15.816523393491114
69,9,3.7915052612369564,5.208494738763044
70,72,68.86999183510751,3.1300081648924873
71,72,80.769513033205,-8.769513033205001
72,9,25.236368475783397,-16.236368475783397
73,48,50.279309259493644,-2.279309259493644
74,3,4.3834154903737925,-1.3834154903737925
75,3,2.6281200958999023,0.37187990410009775
76,48,49.537642390603196,-1.537642390603196
77,9,24.364100697899172,-15.364100697899172
78,9,14.941993498798237,-5.941993498798237
79,48,46.5889533828698,1.4110466171301965
80,72,53.47894618103396,18.52105381896604
81,72,85.2414818431645,-13.241481843164493
82,72,72.80203714195332,-0.8020371419533205
83,48,38.30211299753937,9.697887002460632
84,48,50.41448466118964,-2.41448466118964
85,9,19.17316471997806,-10.173164719978061
86,9,9.108267959094182,-0.10826795909418152
87,9,19.17407298660242,-10.174072986602422
88,48,47.527911333876226,0.4720886661237742
89,9,18.817007609461502,-9.817007609461502
90,3,-4.721562070817207,7.721562070817207
91,9,26.584254752321634,-17.584254752321634
92,9,12.915899972232108,-3.9158999722321077
93,3,6.484594020537138,-3.4845940205371377
94,48,39.29290819493517,8.707091805064827
95,72,58.27752226269778,13.72247773730222
96,3,0.09059932295073736,2.9094006770492626
97,72,68.58904802840925,3.410951971590748
98,72,65.68346167186436,6.3165383281356355
99,3,7.124415412187066,-4.124415412187066
100,3,-5.662169715220372,8.662169715220372
101,72,56.1794747453681,15.820525254631903
102,48,60.900043949508316,-12.900043949508316
103,9,42.82329867644705,-33.82329867644705
104,9,37.15072790464961,-28.150727904649607
105,9,27.5283500024844,-18.5283500024844
106,9,8.923368962071184,0.07663103792881643
107,72,67.35418238447741,4.6458176155225885
108,3,11.95413842682289,-8.95413842682289
109,3,-1.4707976379233756,4.470797637923376
110,9,15.90080955042135,-6.90080955042135
111,72,71.99067191365941,0.009328086340588015
112,72,67.60950411327369,4.390495886726313
113,9,-4.273157397052138,13.273157397052138
114,9,11.60443325732582,-2.6044332573258195
115,9,8.558190930891435,0.4418090691085652
116,9,12.872236271847417,-3.8722362718474166
117,9,1.1829299372310587,7.817070062768941
118,48,48.86869100364203,-0.8686910036420272
119,48,56.13792521215106,-8.13792521215106
120,72,55.77941055789839,16.220589442101613
121,3,13.642768967996776,-10.642768967996776
122,9,12.841350498165024,-3.841350498165024
123,3,14.67115963204175,-11.67115963204175
124,48,42.564244450432035,5.435755549567965
125,3,-12.28770726061375,15.28770726061375
126,3,-0.10815509222205577,3.1081550922220558
127,48,53.68463340918552,-5.684633409185523
128,3,-3.848518142884494,6.848518142884494
129,72,73.70537811084176,-1.7053781108417638
130,48,49.25907980305565,-1.2590798030556485
131,48,60.13078330536044,-12.130783305360438
132,3,8.97164212415073,-5.97164212415073
133,48,48.39680386975566,-0.39680386975565796
134,48,51.66917054776743,-3.669170547767429
135,3,13.323806522117334,-10.323806522117334
136,3,-1.2447142102600282,4.244714210260028
137,48,51.855233271470276,-3.8552332714702757
138,72,45.70623807547916,26.293761924520837
139,72,61.24119200062344,10.758807999376558
140,48,44.52570303163643,3.474296968363568
141,72,63.33256847539785,8.66743152460215
142,72,70.42321363424796,1.5767863657520422
143,48,35.10448831928278,12.89551168071722
144,9,11.35566702997896,-2.35566702997896
145,72,58.49213388426382,13.507866115736178
146,48,64.66142453321349,-16.66142453321349
147,72,73.16936263185534,-1.1693626318553356
148,48,52.13020767636083,-4.130207676360833
149,72,82.5586224616124,-10.558622461612401
150,9,16.986093804694384,-7.986093804694384
151,48,30.102985150745056,17.897014849254944
152,72,67.29261227108367,4.707387728916331
153,48,45.24797321247237,2.752026787527633
154,72,73.41299915741006,-1.4129991574100558
155,72,73.41709383040255,-1.4170938304025498
156,3,2.711178015092301,0.28882198490769895
157,72,74.90956510427807,-2.909565104278073
158,3,7.802571572645302,-4.802571572645302
159,48,46.07412994766502,1.9258700523349788
160,3,-8.597280038177594,11.597280038177594
161,3,-1.9073476180514248,4.907347618051425
162,3,7.777738741338744,-4.777738741338744
163,9,22.505427071278124,-13.505427071278124
164,48,41.574863925134665,6.4251360748653354
165,48,31.74607591896367,16.25392408103633
166,9,19.248669329939204,-10.248669329939204
167,48,39.214466502730644,8.785533497269356
168,9,19.977697229255487,-10.977697229255487
169,9,21.160563668376106,-12.160563668376106
170,9,15.346155198006485,-6.346155198006485
171,3,2.5646288435978875,0.43537115640211255
172,72,49.42357858087146,22.576421419128543
173,3,11.551059370067868,-8.551059370067868
174,3,2.790630970375112,0.20936902962488801
175,48,61.77310033995336,-13.77310033995336
176,72,54.868025807236855,17.131974192763145
177,3,-6.885520239047175,9.885520239047175
178,48,36.33571932528692,11.664280674713083
179,3,1.2383075754789132,1.7616924245210868
180,3,2.8307826176246493,0.16921738237535067
181,48,63.15363494909295,-15.153634949092947
182,48,52.51276436329797,-4.512764363297968
183,72,75.22132839736427,-3.2213283973642746
184,72,63.482423810027605,8.517576189972395
185,9,16.988990069661302,-7.988990069661302
186,3,-5.437795205966495,8.437795205966495
187,72,59.9199008285595,12.080099171440501
188,9,0.8476386024180229,8.152361397581977
189,3,5.852493843233528,-2.8524938432335283
190,48,62.62431272825015,-14.624312728250153
191,3,-2.259958133325867,5.259958133325867
192,3,10.804994390742685,-7.804994390742685
193,48,51.17922607030067,-3.179226070300672
194,48,52.193105149431446,-4.193105149431446
195,9,21.03175038213702,-12.03175038213702
196,3,7.234186469585218,-4.234186469585218
197,72,66.84160346583928,5.158396534160715
198,72,74.998998944938,-2.998998944937995
199,48,61.15165342391539,-13.151653423915391
200,9,30.765408891093585,-21.765408891093585
201,72,60.11585708591434,11.884142914085658
202,3,0.9395796047135718,2.060420395286428
203,48,53.71310714186991,-5.713107141869912
204,72,70.4655310069936,1.5344689930063993
205,72,81.24432287971808,-9.244322879718084
206,48,45.71793774757691,2.2820622524230885
207,48,56.5263142832733,-8.526314283273301
208,48,37.89648153856786,10.103518461432138
209,48,55.483248990471694,-7.483248990471694
210,3,-2.159326152032918,5.159326152032918
211,72,55.94893447170145,16.05106552829855
212,9,17.17709785774719,-8.177097857747189
213,48,55.89459850597533,-7.894598505975331
214,72,62.09680373592573,9.903196264074268
215,9,30.38290496687941,-21.38290496687941
216,48,65.94635549803618,-17.946355498036183
217,9,16.371227180581908,-7.371227180581908
218,3,-2.4546052555913604,5.4546052555913604
219,72,57.48387684523251,14.516123154767492
220,3,-8.03601354535693,11.03601354535693
221,9,16.362899122538778,-7.362899122538778
222,9,12.815684812390728,-3.815684812390728
223,48,49.68050215588931,-1.6805021558893074
224,48,51.56102684882358,-3.5610268488235803
225,9,21.291494554884224,-12.291494554884224
226,48,56.56413128002255,-8.56413128002255
227,72,61.97957662848269,10.02042337151731
228,3,-10.576957185199845,13.576957185199845
229,48,46.816583247853494,1.1834167521465062
230,72,84.17173941489371,-12.171739414893707
231,9,5.115499151778959,3.884500848221041
232,48,53.59358640933225,-5.5935864093322465
233,9,34.611160815932664,-25.611160815932664
234,9,24.494450672476535,-15.494450672476535
235,9,17.94830116895416,-8.94830116895416
236,3,6.279091297613295,-3.279091297613295
237,3,14.523154535742549,-11.523154535742549
238,3,-1.1740964054450842,4.174096405445084
239,9,2.1880587282257835,6.8119412717742165
240,48,41.490895761279496,6.509104238720504
241,48,48.889038906538744,-0.8890389065387438
242,48,64.89241321833262,-16.89241321833262
243,72,68.19168208587728,3.808317914122725
244,48,39.055263080416,8.944736919584003
245,72,71.76857825827341,0.23142174172659224
246,3,9.818435063461429,-6.818435063461429
247,72,39.72158520381638,32.27841479618362
248,72,57.32683056456812,14.67316943543188
249,3,0.6779566416250589,2.322043358374941
250,9,34.58139525205396,-25.58139525205396
251,9,15.323557645506014,-6.323557645506014
252,48,44.9685099453903,3.031490054609698
253,72,72.78222886151349,-0.782228861513488
254,48,38.075662152151004,9.924337847848996
255,48,53.454010604043795,-5.454010604043795
256,3,13.59448718445893,-10.59448718445893
257,3,-2.0097010193795697,5.00970101937957
258,48,36.37757111837771,11.622428881622291
259,72,75.91856051720576,-3.918560517205762
260,9,9.018477929328206,-0.018477929328206244
261,9,20.7174336373507,-11.717433637350702
262,72,71.0592793005918,0.9407206994082031
263,72,68.03170099427979,3.968299005720212
264,72,57.278641914272264,14.721358085727736
265,3,-8.987530237114612,11.987530237114612
266,9,12.085519150406125,-3.0855191504061246
267,72,61.07277840127709,10.927221598722909
268,48,54.660835197962854,-6.660835197962854
269,3,1.5878767255620403,1.4121232744379597
270,48,47.609735880970774,0.39026411902922575
271,48,51.034739001378284,-3.0347390013782842
272,9,30.206486776013822,-21.206486776013822
273,9,16.307617836441075,-7.307617836441075
274,3,2.732870435958006,0.26712956404199417
275,3,3.516205968167874,-0.5162059681678741
276,3,-5.154505473501153,8.154505473501153
277,9,28.317662119602456,-19.317662119602456
278,72,76.78733495752482,-4.78733495752482
279,9,17.261875022396847,-8.261875022396847
280,9,25.6054478593245,-16.6054478593245
281,3,14.068886448811721,-11.068886448811721
282,3,8.668729454014112,-5.668729454014112
283,72,65.9849260744655,6.0150739255344945
284,72,67.44134341012139,4.558656589878609
285,72,69.1924917508365,2.8075082491635044
286,72,67.62762082770473,4.372379172295268
287,9,22.103441676875683,-13.103441676875683
288,9,22.19982458999766,-13.199824589997661
289,9,29.32453258635568,-20.32453258635568
290,9,14.368777226651211,-5.368777226651211
291,9,23.495790023780163,-14.495790023780163
292,9,11.737653545080043,-2.737653545080043
293,9,23.489530544318143,-14.489530544318143
294,48,52.15152999320524,-4.151529993205237
295,48,51.73800143802916,-3.7380014380291584
296,72,58.18518615804492,13.814813841955079
297,9,15.837734078779192,-6.837734078779192
298,48,36.44785498614266,11.552145013857341
299,72,52.6700320079937,19.329967992006303
300,72,58.80632044160723,13.193679558392773
301,48,42.493159185697095,5.506840814302905
302,9,10.746345355548105,-1.7463453555481045
303,48,47.679795088303,0.3202049116969974
304,9,21.3509282031239,-12.3509282031239
305,72,74.91965116228425,-2.9196511622842536
306,3,-1.681794989131994,4.681794989131994
307,3,12.634139778729807,-9.634139778729807
308,9,17.081202006470033,-8.081202006470033
309,72,59.16221729040205,12.837782709597953
310,3,5.809652863550518,-2.809652863550518
311,72,45.645777905448284,26.354222094551716
312,9,17.901405846051922,-8.901405846051922
313,48,51.465588809176296,-3.465588809176296
314,9,16.893799470125654,-7.8937994701256535
315,72,71.38879946107137,0.6112005389286281
316,72,74.086352309512165,-2.086352309512165
317,9,10.807352923979174,-1.807352923979174
318,48,63.49243757669008,-15.49243757669008
319,48,50.001383318769506,-2.0013833187695056
320,48,44.40646365590353,3.5935363440964707
321,48,51.22931944989069,-3.2293194498906885
322,9,19.953067048542927,-10.953067048542927
323,3,-5.879070755118157,8.879070755118157
324,48,50.585744502128875,-2.5857445021288754
325,9,10.572793057239327,-1.572793057239327
326,3,-3.7425793868242963,6.742579386824296
327,48,45.24671134077845,2.7532886592215533
328,72,57.44123900511332,14.558760994886683
329,48,55.155665757305265,-7.155665757305265
330,72,68.73255876829506,3.267441231704936
331,72,44.79428662854181,27.205713371458188
332,72,62.35430015338658,9.645699846613418
333,48,45.184401818428746,2.8155981815712536
334,3,1.477170759442643,1.522829240557357
335,48,43.916100318677266,4.083899681322734
336,3,3.1346005873856413,-0.1346005873856413
337,48,47.215979786603086,0.7840202133969143
338,48,47.46147407083554,0.5385259291644573
339,3,-7.227353221003369,10.22735322100337
340,9,27.706339302274813,-18.706339302274813
341,48,54.63517482536584,-6.635174825365837
342,48,48.42116807467217,-0.4211680746721669
343,72,73.22241502886897,-1.2224150288689657
344,48,48.32297759075837,-0.32297759075837007
345,72,62.84304798899767,9.156952011002332
346,48,54.0958000715886,-6.095800071588599
347,48,50.99503735542205,-2.995037355422049
348,48,61.851610758351846,-13.851610758351846
349,3,-7.644690068300299,10.6446900683003
350,9,7.021110491021311,1.978889508978689
351,48,53.750404564155446,-5.7504045641554455
352,3,7.011403645427148,-4.011403645427148
353,48,43.87828967856745,4.121710321432552
354,3,16.617162005501516,-13.617162005501516
355,48,37.04036307470608,10.959636925293921
356,72,54.44074130445927,17.559258695540727
357,3,-4.297309445024432,7.297309445024432
358,9,14.088415124274839,-5.088415124274839
359,3,-0.8376668528735891,3.837666852873589
360,72,60.83207464869784,11.16792535130216
361,72,64.80024876361557,7.199751236384429
362,9,16.901438833617576,-7.901438833617576
363,72,64.08025224667044,7.91974775332956
364,9,1.3842992857144907,7.615700714285509
365,72,64.183740656407707,7.816259343592293
366,3,-6.679139499619545,9.679139499619545
367,48,45.466199328412706,2.5338006715872936
368,3,2.0315945095778645,0.9684054904221355
369,9,38.123646932228425,-29.123646932228425
370,3,5.217592896384808,-2.217592896384808
371,9,22.766822588748802,-13.766822588748802
372,3,-3.4758736943079143,6.475873694307914
373,3,1.309727833229175,1.690272166770825
374,72,70.6239094240486,1.3760905759513946
375,9,36.298963010102064,-27.298963010102064
376,72,50.57667186851613,21.42332813148387
377,72,85.3023087382148,-13.302308738214805
378,9,11.224903769146756,-2.2249037691467564
379,3,-0.7783283198974473,3.7783283198974473
380,72,58.894321983867286,13.105678016132714
381,9,18.99648019844645,-9.996480198446449
382,72,79.09252965533753,-7.092529655337529
383,9,4.275265174027481,4.724734825972519
384,72,82.07092573617629,-10.070925736176292
385,9,30.719796105037002,-21.719796105037002
386,3,-8.939466491139662,11.939466491139662
387,48,48.70071130855431,-0.7007113085543111
388,72,67.07427938224738,4.925720617752617
389,72,86.98726491563352,-14.987264915633517
390,72,68.51178903227793,3.4882109677220683
391,72,73.55725858472299,-1.5572585847229874
392,48,50.60616091328566,-2.606160913285663
393,3,-3.5797460445350566,6.579746044535057
394,3,-1.8917361303558096,4.89173613035581
395,3,9.197927314218415,-6.197927314218415
396,3,5.252715610288558,-2.2527156102885577
397,9,7.743820365383176,1.2561796346168244
398,3,7.702629890213917,-4.702629890213917
399,72,59.45978087522284,12.54021912477716
400,72,58.09763409635423,13.902365903645773
401,72,74.86103466055118,-2.8610346605511836
402,48,44.09411259119753,3.905887408802471
403,3,2.60514480986361,0.3948551901363899
404,3,-0.9389084211180005,3.9389084211180005
405,9,6.42831237820835,2.57168762179165
406,72,52.8153151782886,19.1846848217114
407,72,66.2279352852687,5.7720647147313
408,3,1.6063305325228256,1.3936694674771744
409,72,66.51755048713173,5.482449512868271
410,72,61.88907271834921,10.110927281650788
411,9,18.453154886545295,-9.453154886545295
412,48,41.152428411171016,6.847571588828984
413,9,22.109320091585463,-13.109320091585463
414,48,52.331521607529815,-4.331521607529815
415,72,63.407176780547395,8.592823219452605
416,48,43.27181675053323,4.728183249466767
417,48,56.90806223658713,-8.908062236587128
418,48,56.877310645085,-8.877310645084997
419,72,59.693916732793866,12.306083267206134
420,9,15.218161438677221,-6.218161438677221
421,48,55.748514961347944,-7.748514961347944
422,3,16.160428967487142,-13.160428967487142
423,3,15.257229670798822,-12.257229670798822
424,9,16.116834371580705,-7.116834371580705
425,9,23.84249614465427,-14.84249614465427
426,3,3.056641662117336,-0.05664166211733601
427,3,5.249605508245448,-2.2496055082454482
428,48,44.48625306685255,3.513746933147452
429,9,17.033111595152388,-8.033111595152388
430,72,62.82973313232547,9.170266867674528
431,48,49.620885006125164,-1.6208850061251638
432,9,7.615590196241662,1.3844098037583379
433,9,24.441427854141484,-15.441427854141484
434,9,8.888155111240735,0.1118448887592649
435,9,19.767495487423464,-10.767495487423464
436,9,29.22510384740979,-20.22510384740979
437,3,5.235091717962302,-2.2350917179623018
438,9,14.638293033084032,-5.638293033084032
439,9,16.56963569657083,-7.569635696570831
440,72,69.85905809103778,2.140941908962219
441,3,-2.5197899870662255,5.5197899870662255
442,48,41.62726332386391,6.372736676136093
443,72,73.17386988119642,-1.173869881196424
444,9,22.323194860773008,-13.323194860773008
445,72,68.90100580363136,3.0989941963686363
446,48,49.49888122671648,-1.4988812267164775
447,48,52.59077654103888,-4.590776541038878
448,9,12.329072686848043,-3.3290726868480434
449,72,64.18394767688298,7.81605232311702
450,9,4.17998702971574,4.82001297028426
451,9,9.510167337187582,-0.5101673371875819
452,3,-10.27979199687391,13.27979199687391
453,72,64.82409225683529,7.175907743164714
454,72,52.92977079297531,19.07022920702469
455,48,40.589277174625224,7.410722825374776
456,48,40.35130342556956,7.6486965744304385
457,48,45.74349545063827,2.256504549361729
458,72,60.85097096782424,11.149029032175761
459,3,-3.429162431974227,6.429162431974227
460,72,81.31464237427285,-9.31464237427285
461,72,53.08755652814618,18.91244347185382
462,48,54.24881909975214,-6.24881909975214
463,48,40.72216508773209,7.277834912267913
464,72,57.57665611339331,14.423343886606688
465,3,-9.871819163725696,12.871819163725696
466,72,65.18537322322616,6.814626776773835
467,9,27.842863200247074,-18.842863200247074
468,72,63.82366519292165,8.176334807078348
469,72,62.32085236613007,9.679147633869931
470,9,18.249190688515803,-9.249190688515803
471,72,75.92973929503343,-3.9297392950334284
472,72,64.1468715460671,7.8531284539328965
473,48,55.69823918492331,-7.69823918492331
474,9,20.49082749124747,-11.490827491247469
475,72,63.09853874556572,8.901461254434281
476,72,71.77630253694215,0.22369746305784588
477,72,61.276729207352716,10.723270792647284
478,48,52.4078714429916,-4.407871442991599
479,48,39.50429668811198,8.495703311888022
480,9,28.44999479498601,-19.44999479498601
481,72,57.82931595736896,14.170684042631038
482,48,48.8705850607649,-0.8705850607649026
483,72,68.40462425739986,3.5953757426001403
484,48,21.837634547506447,26.162365452493553
485,72,43.34532255011745,28.65467744988255
486,48,47.1436888739347,0.8563111260653002
487,9,13.595169824819536,-4.595169824819536
488,3,-7.12416399395449,10.12416399395449
489,48,37.762347838709815,10.237652161290185
490,3,3.122141993447542,-0.12214199344754206
491,48,44.94429960323061,3.0557003967693888
492,72,69.70811214559342,2.291887854406582
493,72,40.32276509257859,31.677234907421408
494,9,6.058700297005519,2.941299702994481
495,48,57.874473977597276,-9.874473977597276
496,48,65.60695447945702,-17.606954479457016
497,72,66.17005731109407,5.8299426889059305
498,9,12.097411385763486,-3.097411385763486
499,3,-17.964004021376304,20.964004021376304
500,3,-2.4021354321628294,5.402135432162829
501,48,55.34226202386666,-7.34226202386666
502,48,50.370096518432234,-2.3700965184322342
503,72,52.96962855498626,19.030371445013742
504,72,70.98733215989492,1.012667840105081
505,72,74.70998968614963,-2.709989686149626
506,72,53.27087597516923,18.729124024830767
507,72,59.16986299055932,12.830137009440683
508,72,73.25020162765878,-1.2502016276587824
509,48,40.210488218652735,7.789511781347265
510,48,51.920401787793665,-3.920401787793665
511,48,47.20055298163232,0.7994470183676796
512,9,22.07783350374847,-13.077833503748469
513,3,6.309837754366768,-3.309837754366768
514,48,41.92046416864194,6.079535831358058
515,48,45.434088982753195,2.5659110172468047
516,48,47.171491330673476,0.8285086693265242
517,72,66.17841613161785,5.821583868382149
518,72,62.138605951586584,9.861394048413416
519,9,7.030477910269433,1.9695220897305674
520,72,54.479880420324925,17.520119579675075
521,72,79.79158750711736,-7.791587507117356
522,48,33.14415045715011,14.855849542849889
523,9,16.70339638681064,-7.703396386810638
524,9,22.59972605701635,-13.599726057016351
525,9,18.77293066285906,-9.77293066285906
526,48,44.853380329349164,3.1466196706508356
527,72,37.43337334260476,34.56662665739524
528,72,76.60653528756087,-4.606535287560874
529,48,40.15701351843683,7.842986481563173
530,48,55.923273792386645,-7.923273792386645
531,72,79.23317290953331,-7.233172909533309
532,9,33.504038980129444,-24.504038980129444
533,9,22.179381910608548,-13.179381910608548
534,48,50.993069659777866,-2.9930696597778663
535,72,48.647038332103264,23.352961667896736
536,48,57.668169615145736,-9.668169615145736
537,9,24.422011578586815,-15.422011578586815
538,48,37.90057687314804,10.09942312685196
539,9,20.857919593687974,-11.857919593687974
540,9,19.420176904316875,-10.420176904316875
541,9,19.638282556664326,-10.638282556664326
542,9,-1.3195131468220254,10.319513146822025
543,48,40.003723637360764,7.996276362639236
544,9,29.393507140534247,-20.393507140534247
545,48,51.89327117510176,-3.8932711751017592
546,9,17.488457310481877,-8.488457310481877
547,48,51.25437340505566,-3.2543734050556594
548,9,25.962278175320765,-16.962278175320765
549,72,63.73948948826515,8.26051051173485
550,48,39.28128023756846,8.71871976243154
551,72,77.5493306747463,-5.549330674746301
552,72,50.55710575359356,21.44289424640644
553,9,33.01354204833476,-24.013542048334763
554,9,7.0974284195338555,1.9025715804661445
555,48,40.88556892881534,7.1144310711846614
556,72,48.23850360320553,23.76149639679447
557,72,62.43354763959323,9.566452360406771
558,48,45.22968541001713,2.770314589982867
559,48,46.45631858161007,1.5436814183899301
560,72,79.23829617363087,-7.2382961736308715
561,48,32.69034641310575,15.30965358689425
562,72,55.71083134965072,16.289168650349282
563,9,16.402445334274006,-7.402445334274006
564,72,46.89568048422928,25.10431951577072
565,9,8.05631038638558,0.9436896136144206
566,48,52.08398662324352,-4.0839866232435185
567,72,72.92167663805141,-0.9216766380514088
568,9,23.79507864063217,-14.79507864063217
569,48,61.36620035667346,-13.36620035667346
570,9,4.20793410367429,4.79206589632571
571,72,76.3782644220586,-4.3782644220586064
572,72,70.17775502359012,1.822244976409877
573,48,52.44699079189869,-4.446990791898692
574,72,55.86482907996697,16.135170920033033
575,3,-3.856102867641148,6.856102867641148
576,72,68.12631198812963,3.873688011870371
577,48,54.80730000155194,-6.807300001551937
578,48,35.64977570905272,12.350224290947281
579,9,18.644499891166554,-9.644499891166554
580,9,20.698646344909164,-11.698646344909164
581,72,78.57696964499638,-6.576969644996382
582,9,15.810522279207852,-6.810522279207852
583,48,50.21093577362917,-2.210935773629167
584,48,46.885010286332125,1.1149897136678746
585,3,-4.07706711906124,7.07706711906124
586,48,41.94147027061576,6.05852972938424
587,72,78.78437432864018,-6.784374328640183
588,9,34.9271736221294,-25.927173622129402
589,72,78.95252115520103,-6.952521155201026
590,72,73.95090771224105,-1.9509077122410474
591,9,25.75602206438539,-16.75602206438539
592,3,6.758393736264054,-3.758393736264054
593,72,71.19950955741035,0.8004904425896484
594,9,10.43948528689636,-1.4394852868963603
595,72,64.26735171099052,7.732648289009475
596,48,37.08165873454244,10.918341265457563
597,48,52.19217562311366,-4.192175623113663
598,48,44.343400875122136,3.6565991248778644
599,9,22.280642523191297,-13.280642523191297
600,72,61.27299027854585,10.727009721454152
601,48,49.59763131582202,-1.5976313158220208
602,72,24.011215853309857,47.98878414669014
603,9,13.432281815554624,-4.432281815554624
604,72,37.08499939673966,34.91500060326034
605,3,-4.376741771495617,7.376741771495617
606,9,13.923203464361126,-4.923203464361126
607,3,7.597915641170566,-4.597915641170566
608,9,14.79247674429563,-5.79247674429563
609,48,52.98408111750004,-4.98408111750004
610,9,16.882080144350855,-7.882080144350855
611,48,39.6301058771219,8.369894122878101
612,72,60.30927861040286,11.690721389597137
613,9,24.07413978045158,-15.074139780451581
614,48,38.50594331625336,9.494056683746642
615,9,23.047256068860236,-14.047256068860236
616,48,46.08450535928745,1.9154946407125522
617,48,45.55021175950392,2.4497882404960833
618,72,74.99191351459548,-2.991913514595481
619,3,-1.015509729542245,4.015509729542245
620,72,70.2740444688157,1.7259555311842973
621,72,52.71287744828678,19.287122551713217
622,48,50.737225073260106,-2.737225073260106
623,9,15.973615609044199,-6.973615609044199
624,9,12.867324328870243,-3.867324328870243
625,72,70.14757762164024,1.852422378359762
626,48,53.79321854672498,-5.7932185467249795
627,72,88.43683029073108,-16.43683029073108
628,72,66.8588462215688,5.141153778431203
629,3,-2.6878834440992776,5.687883444099278
630,48,33.464710216363216,14.535289783636784
631,3,6.373230104567746,-3.373230104567746
632,3,-4.597372081867448,7.597372081867448
633,72,50.36594764885948,21.634052351140518
634,72,67.8926655313312,4.107334468668796
635,72,67.15517678519646,4.84482321480354
636,9,27.861887645693777,-18.861887645693777
637,48,46.67744620191276,1.3225537980872417
638,3,-1.10138447774181,4.10138447774181
639,9,-0.2875803524315401,9.28758035243154
640,72,68.24732129762668,3.7526787023733164
641,72,59.80997897139738,12.190021028602622
642,48,49.66885198517903,-1.6688519851790318
643,48,34.52222341668226,13.477776583317741
644,72,64.97549987158172,7.024500128418282
645,9,9.72698896220048,-0.7269889622004797
646,48,54.79553540475114,-6.795535404751142
647,48,60.21101371853441,-12.21101371853441
648,9,13.82063903852239,-4.8206390385223905
649,3,-9.621071835550737,12.621071835550737
650,3,-5.35625844322562,8.35625844322562
651,48,51.15059379479255,-3.150593794792549
652,48,46.20812711157864,1.7918728884213593
653,72,57.87548653546797,14.12451346453203
654,72,70.71366159511581,1.2863384048841908
655,72,83.18352891034752,-11.183528910347519
656,9,28.24873767804067,-19.24873767804067
657,9,11.59238710301209,-2.59238710301209
658,48,38.6407565811605,9.359243418839498
659,72,61.68140292292847,10.31859707707153
660,48,37.8274022187016,10.1725977812984
661,9,21.27256239094565,-12.272562390945652
662,9,8.260749014121462,0.7392509858785381
663,3,-3.679511496620023,6.679511496620023
664,48,49.37896079479536,-1.3789607947953613
665,48,40.985363493080726,7.014636506919274
666,9,22.864374608015687,-13.864374608015687
667,48,48.607958305812076,-0.6079583058120761
668,48,54.37139392051853,-6.371393920518528
669,9,6.758495335244241,2.241504664755759
670,3,-1.4552633208876955,4.4552633208876955
671,72,61.77382174999465,10.226178250005347
672,3,-19.40724110995818,22.40724110995818
673,9,27.66201864096785,-18.66201864096785
674,48,42.68587047795886,5.314129522041142
675,9,21.0167629841107,-12.016762984110699
676,48,32.62507279921081,15.374927200789188
677,48,52.69396777287191,-4.693967772871908
678,48,34.087626416438326,13.912373583561674
679,72,77.5837202239423,-5.583720223942294
680,9,19.222306696973167,-10.222306696973167
681,72,79.42586647801308,-7.425866478013077
682,72,71.72830619404108,0.27169380595891823
683,9,18.044511704605974,-9.044511704605974
684,48,33.33105223039896,14.66894776960104
685,9,28.54920516292749,-19.54920516292749
686,72,58.062954971059604,13.937045028940396
687,48,47.05458289919142,0.9454171008085765
688,72,73.33135172083863,-1.3313517208386259
689,72,62.073256830579425,9.926743169420575
690,48,50.01709798106875,-2.0170979810687513
691,48,34.36695964732865,13.633040352671351
692,9,14.051561915377672,-5.051561915377672
693,72,46.23664526342507,25.763354736574932
694,72,62.25564145379184,9.744358546208161
695,48,49.35115064613175,-1.3511506461317495
696,72,73.26146940120736,-1.2614694012073642
697,48,42.204986340003614,5.7950136599963855
698,9,15.046124204540725,-6.046124204540725
699,48,47.809304961839864,0.19069503816013622
700,72,53.75486149306941,18.245138506930587
701,72,68.91127187851774,3.088728121482262
702,9,19.62826265117739,-10.62826265117739
703,72,74.51886464290484,-2.5188646429048447
704,9,4.824200120219743,4.175799879780257
705,48,27.23668915595702,20.76331084404298
706,72,72.50449384144665,-0.5044938414466458
707,3,5.399078988390681,-2.3990789883906807
708,9,7.982726630575577,1.017273369424423
709,3,-10.404869396995352,13.404869396995352
710,72,47.72024955124343,24.279750448756573
711,9,12.473315249465202,-3.4733152494652018
712,72,58.3597860489875,13.640213951012498
713,9,18.254468097868244,-9.254468097868244
714,48,52.36911404089261,-4.369114040892612
715,9,24.994870891656305,-15.994870891656305
716,3,-4.223256812310574,7.223256812310574
717,72,57.625443175724484,14.374556824275516
718,48,54.83839520886694,-6.838395208866942
719,48,48.10287780425674,-0.10287780425674242
720,48,44.85981862902632,3.1401813709736786
721,72,48.26198273777095,23.73801726222905
722,3,-6.310172661519303,9.310172661519303
723,48,46.922337798801664,1.0776622011983363
724,9,15.968370080734157,-6.968370080734157
725,48,37.53585291535854,10.46414708464146
726,9,16.68106855950124,-7.681068559501242
727,9,24.158613744234998,-15.158613744234998
728,48,39.080109752975375,8.919890247024625
729,48,52.67874599334243,-4.678745993342432
730,48,53.25786924286871,-5.257869242868708
731,9,15.053774550215266,-6.053774550215266
732,9,11.361850229486755,-2.3618502294867554
733,3,4.931500181377416,-1.931500181377416
734,9,19.257875409744663,-10.257875409744663
735,48,51.0806618715623,-3.080661871562299
736,72,57.5164959392189,14.483504060781101
737,9,17.31153622819837,-8.31153622819837
738,48,46.359415286786536,1.6405847132134639
739,72,64.37896560290453,7.621034397095471
740,48,63.720856447185874,-15.720856447185874
741,72,72.60213957527046,-0.6021395752704564
742,9,19.244519042337377,-10.244519042337377
743,9,22.805967004687645,-13.805967004687645
744,48,44.60062983281831,3.3993701671816865
745,3,-2.0857131742268535,5.0857131742268535
746,72,61.13268204176467,10.867317958235333
747,72,61.2201068215773,10.779893178422697
748,72,65.63854955472348,6.3614504452765175
749,48,53.964119560987285,-5.964119560987285
750,48,56.02321714658335,-8.023217146583349
751,9,7.463177906489577,1.5368220935104233
752,48,37.92636904486188,10.073630955138121
753,48,38.47504003508796,9.524959964912043
754,72,70.62992911234196,1.370070887658045
755,3,-7.445203068667659,10.44520306866766
756,9,25.168863787870002,-16.168863787870002
757,72,60.0385871925574,11.9614128074426
758,9,23.641831055755343,-14.641831055755343
759,9,14.016373624080892,-5.016373624080892
760,72,51.74886900711708,20.25113099288292
761,3,0.42946610850248845,2.5705338914975115
762,72,65.56258848761982,6.43741151238018
763,3,-4.5074060259477875,7.5074060259477875
764,72,66.23955041503777,5.760449584962231
765,72,61.14568622938381,10.854313770616187
766,48,54.53513615071092,-6.535136150710919
767,3,-6.215313094389316,9.215313094389316
768,48,51.13925466777756,-3.139254667777557
769,72,80.5274706248531,-8.527470624853095
770,48,50.3423500268765,-2.3423500268765025
771,48,58.38193045374741,-10.381930453747408
772,3,14.72599251937137,-11.72599251937137
773,3,8.955967484332696,-5.955967484332696
774,48,50.10420364530402,-2.1042036453040183
775,48,55.83213339241066,-7.832133392410661
776,9,8.138385896381337,0.8616141036186633
777,72,67.9911343946228,4.008865605377196
778,9,26.50926819547228,-17.50926819547228
779,3,-8.378425234527406,11.378425234527406
780,48,67.1912947895322,-19.191294789532193
781,3,13.11609316389504,-10.11609316389504
782,48,58.2526949918456,-10.252694991845601
783,48,46.61562688916184,1.3843731108381618
784,72,70.98440982864454,1.0155901713554556
785,9,20.975729734447736,-11.975729734447736
786,48,33.31233680260844,14.687663197391558
787,48,63.040043886307316,-15.040043886307316
788,48,56.66607442740861,-8.66607442740861
789,3,15.351492847025686,-12.351492847025686
790,48,37.78967264312909,10.210327356870913
791,72,56.90460513243957,15.09539486756043
792,9,16.874059498901108,-7.874059498901108
793,48,50.017151808607125,-2.0171518086071245
794,48,48.02441885750227,-0.02441885750226902
795,9,23.845906069505233,-14.845906069505233
796,72,84.21618360178459,-12.216183601784593
797,48,50.53287110893102,-2.532871108931019
798,72,65.69697035264913,6.3030296473508685
799,9,19.660459003736367,-10.660459003736367
800,3,0.4413715563453522,2.558628443654648
801,3,6.017683758130968,-3.0176837581309677
802,48,35.54121741235217,12.458782587647832
803,72,72.98087159751366,-0.980871597513655
804,72,58.194343524984326,13.805656475015674
805,48,43.53929009451384,4.460709905486162
806,3,-1.7565192385876571,4.756519238587657
807,72,62.02196757572395,9.978032424276051
808,72,58.67206282604638,13.327937173953622
809,72,76.16348804203736,-4.163488042037358
810,48,47.977796702967694,0.022203297032305613
811,48,37.57083227817701,10.429167721822992
812,3,0.5081973643607114,2.4918026356392886
813,3,-11.41454946322527,14.41454946322527
814,9,21.552955333262958,-12.552955333262958
815,3,-10.379052337265819,13.379052337265819
816,48,50.66093520073561,-2.660935200735608
817,72,74.27815778642864,-2.278157786428636
818,48,65.24826832222158,-17.248268322221577
819,48,53.177443140573686,-5.177443140573686
820,72,65.89143831590421,6.10856168409579
821,48,42.17505022263319,5.824949777366811
822,9,20.055073757408675,-11.055073757408675
823,9,23.132175908751456,-14.132175908751456
824,72,63.98796207574553,8.012037924254471
825,48,49.99088124404749,-1.9908812440474932
826,72,70.94378535859815,1.0562146414018514
827,48,41.10139537873852,6.898604621261477
828,72,55.99093518564213,16.00906481435787
829,3,5.226340026839534,-2.2263400268395337
830,72,67.71756706930682,4.282432930693176
831,72,75.81234461411182,-3.8123446141118222
832,3,-3.8875708737120007,6.887570873712001
833,72,66.9199910903524,5.080008909647603
834,72,72.07074575839917,-0.07074575839916974
835,9,20.100119726237992,-11.100119726237992
836,48,31.803824440076333,16.196175559923667
837,3,-1.6769114502413487,4.676911450241349
838,9,19.764673174120926,-10.764673174120926
839,48,41.20679530656412,6.793204693435882
840,48,48.540177118989476,-0.540177118989476
841,3,2.483980543163746,0.5160194568362542
842,3,-1.1019231894543253,4.101923189454325
843,9,9.629626836369596,-0.6296268363695958
844,3,-1.2481011872155818,4.248101187215582
845,48,42.387051231133285,5.6129487688667155
846,72,81.77292298848138,-9.772922988481383
847,72,52.393608341187495,19.606391658812505
848,72,57.65147808037192,14.348521919628077
849,9,23.1977726243355,-14.1977726243355
850,3,-0.6131518960291089,3.613151896029109
851,3,-4.64146799379926,7.64146799379926
852,9,13.18229406888268,-4.18229406888268
853,3,-8.523122641933995,11.523122641933995
854,48,25.947351204230877,22.052648795769123
855,72,52.53657281373912,19.46342718626088
856,48,46.07046275864845,1.9295372413515466
857,9,17.423203658456025,-8.423203658456025
858,48,46.417414946893274,1.582585053106726
859,72,61.99704831124443,10.002951688755573
860,48,49.76644866677562,-1.7664486667756165
861,72,64.87679114019733,7.1232088598026735
862,3,17.63842282562198,-14.63842282562198
863,9,13.0148607747476,-4.0148607747476
864,72,67.43093567999236,4.569064320007641
865,48,43.56370502830607,4.436294971693933
866,3,12.681382638328468,-9.681382638328468
867,3,6.013528671019799,-3.013528671019799
868,9,17.33786828244112,-8.337868282441121
869,9,16.144439703915573,-7.144439703915573
870,72,71.62454923491117,0.3754507650888286
871,3,9.708024338609075,-6.708024338609075
872,9,25.324379938677115,-16.324379938677115
873,9,10.644219886465109,-1.644219886465109
874,48,44.07685896492008,3.9231410350799223
875,72,62.986842663969014,9.013157336030986
876,72,70.6089162380805,1.3910837619195036
877,72,59.03887708755802,12.96112291244198
878,48,19.3528927578864,28.6471072421136
879,9,40.5357358306108,-31.535735830610797
880,48,42.032327935032114,5.967672064967886
881,48,44.037202716793864,3.962797283206136
882,3,-4.378929408210141,7.378929408210141
883,72,64.9900123464456,7.009987653554404
884,3,5.836314122401497,-2.8363141224014967
885,9,21.350168789486222,-12.350168789486222
886,9,24.699688328423875,-15.699688328423875
887,48,42.11340825413845,5.886591745861551
888,72,77.27686717126421,-5.276867171264215
889,48,36.38971940632489,11.610280593675107
890,48,50.21317036102525,-2.2131703610252487
891,72,61.38217074157763,10.617829258422368
892,9,22.108709694992484,-13.108709694992484
893,48,42.94926583177049,5.050734168229511
894,48,49.859017038623286,-1.8590170386232856
895,3,-6.0968541290316765,9.096854129031676
896,72,66.05073036197024,5.949269638029762
897,9,10.148852603607637,-1.1488526036076365
898,3,6.976753181522703,-3.976753181522703
899,3,-4.285926006626909,7.285926006626909
900,3,-3.0900766969221607,6.090076696922161
901,72,67.870766758092,4.129233241907997
902,3,12.329862906513782,-9.329862906513782
903,72,74.58491798521318,-2.584917985213181
904,72,81.99478951592263,-9.994789515922633
905,9,31.271820877095543,-22.271820877095543
906,9,22.377682135217878,-13.377682135217878
907,72,50.609952210860236,21.390047789139764
908,3,-17.60096855453567,20.60096855453567
909,3,4.894965401383931,-1.8949654013839314
910,9,28.350190884087823,-19.350190884087823
911,48,55.009626880274716,-7.009626880274716
912,48,45.24370370981907,2.756296290180927
913,3,-5.051804537489801,8.0518045374898
914,48,35.60725377847565,12.392746221524348
915,48,51.67604672851196,-3.676046728511963
916,9,22.91004942291612,-13.91004942291612
917,72,68.44044266619518,3.5595573338048183
918,72,56.99214398178292,15.007856018217083
919,48,55.309820845542106,-7.309820845542106
920,72,68.74422487767646,3.2557751223235414
921,72,62.01773440009206,9.98226559990794
922,9,19.576549449568592,-10.576549449568592
923,72,65.40864930538723,6.591350694612771
924,9,1.9894613252901223,7.010538674709878
925,9,18.284669758216964,-9.284669758216964
926,9,13.441859309793099,-4.441859309793099
927,9,25.278202042449678,-16.278202042449678
928,9,5.277080510352754,3.7229194896472464
929,72,46.21928509090539,25.780714909094613
930,72,70.937849394496,1.0621506055040015
931,72,79.34414716430626,-7.344147164306264
932,9,16.087969982762733,-7.087969982762733
933,72,65.01026387403313,6.989736125966871
934,48,46.87648284055299,1.1235171594470117
935,72,66.30748318557984,5.692516814420159
936,48,50.145775554357925,-2.1457755543579253
937,9,19.289731158077945,-10.289731158077945
938,48,47.5677122436918,0.4322877563081988
939,48,54.71025000668402,-6.710250006684021
940,9,20.773322830792118,-11.773322830792118
941,72,72.86268606698928,-0.8626860669892835
942,72,70.11129680957526,1.8887031904247351
943,72,70.59840234042065,1.4015976595793518
944,72,52.8640066971579,19.135993302842103
945,48,25.45167762538741,22.54832237461259
946,48,31.135714312774695,16.864285687225305
947,3,-13.530911291642163,16.530911291642163
948,48,40.659056494845395,7.3409435051546055
949,48,54.88782696406146,-6.8878269640614604
950,3,6.936468123437173,-3.936468123437173
951,72,71.63064850270499,0.36935149729501404
952,9,11.484871887010847,-2.484871887010847
953,72,69.87586601985913,2.1241339801408685
954,72,79.27378314437362,-7.273783144373624
955,72,44.10940118546789,27.89059881453211
956,48,36.98968739015793,11.010312609842067
957,9,23.398040994369367,-14.398040994369367
958,48,53.44633270261029,-5.446332702610292
959,9,26.43900727989957,-17.43900727989957
960,9,21.46359602548115,-12.463596025481149
961,3,-0.41096876842371444,3.4109687684237144
962,48,65.14730742838533,-17.147307428385332
963,72,82.02027375703716,-10.02027375703716
964,3,2.5635319750363266,0.43646802496367343
965,3,-6.51460211998819,9.51460211998819
966,48,42.475320457046564,5.524679542953436
967,48,58.44846220757388,-10.448462207573883
968,72,69.4822497348064,2.517750265193598
969,9,16.422663928586736,-7.422663928586736
970,3,-1.6636617328693077,4.663661732869308
971,9,14.1677909869553,-5.1677909869553
972,3,-15.662663674683209,18.66266367468321
973,9,11.94767736494481,-2.947677364944809
974,72,58.845244943699534,13.154755056300466
975,9,2.579742547334554,6.420257452665446
976,3,2.5743021989875245,0.42569780101247545
977,9,7.073768985057864,1.926231014942136
978,9,28.19050153531142,-19.19050153531142
979,48,49.15146745571177,-1.1514674557117672
980,9,13.642145514849524,-4.642145514849524
981,48,56.97198262172023,-8.97198262172023
982,48,41.05215236180241,6.947847638197587
983,72,51.68086426760255,20.31913573239745
984,3,19.43184072749292,-16.43184072749292
985,72,57.49289224333741,14.507107756662592
986,72,44.130844697347236,27.869155302652764
987,48,35.210836914782924,12.789163085217076
988,9,9.046231017178236,-0.0462310171782363
989,9,3.6727031175612623,5.327296882438738
990,3,9.452391530916067,-6.452391530916067
991,72,64.39912918352131,7.60087081647869
992,9,22.8980589748981,-13.898058974898099
993,9,17.740800970010373,-8.740800970010373
994,9,21.832587041513037,-12.832587041513037
995,72,71.4897854167422,0.510214583257806
996,9,14.184869600254878,-5.184869600254878
997,72,73.28839339712269,-1.2883933971226895
998,9,9.869905768961765,-0.8699057689617646
999,9,20.30576471822273,-11.30576471822273
1000,72,66.79000339360101,5.209996606398988
1001,48,64.2628452606918,-16.262845260691805
1002,48,61.10300536308714,-13.103005363087142
1003,9,23.03777041367384,-14.03777041367384
1004,3,-7.5500918123178025,10.550091812317802
1005,3,1.6542589003020396,1.3457410996979604
1006,72,73.04383241762896,-1.0438324176289626
1007,3,-6.745719270916474,9.745719270916474
1008,3,1.2641541214521723,1.7358458785478277
1009,48,46.803701127412104,1.1962988725878958
1010,3,-8.224725769371084,11.224725769371084
1011,72,63.264338408254716,8.735661591745284
1012,72,60.617763693623075,11.382236306376925
1013,72,52.309210926910524,19.690789073089476
1014,9,14.871868280029545,-5.871868280029545
1015,9,20.36934454077867,-11.36934454077867
1016,72,62.79864297272496,9.201357027275037
1017,72,65.10575400099198,6.894245999008021
1018,48,48.571024143194904,-0.5710241431949044
1019,48,55.616807221627155,-7.616807221627155
1020,3,-3.930055155290944,6.930055155290944
1021,9,13.998879007830187,-4.998879007830187
1022,48,58.435241158784464,-10.435241158784464
1023,48,42.143198650647946,5.856801349352054
1024,9,3.6621289944319173,5.337871005568083
1025,3,2.79909102882754,0.20090897117245987
1026,9,15.309607429288842,-6.309607429288842
1027,72,53.325517428945126,18.674482571054874
1028,48,49.72154802895652,-1.7215480289565193
1029,48,41.67220866087703,6.327791339122967
1030,9,17.263587035362278,-8.263587035362278
1031,48,44.63055092358815,3.369449076411847
1032,72,72.96001707202046,-0.960017072020463
1033,9,30.67945839683609,-21.67945839683609
1034,3,-1.2738962541600287,4.273896254160029
1035,9,19.45935567439163,-10.459355674391631
1036,72,59.36456720847924,12.635432791520763
1037,9,12.59408036792394,-3.59408036792394
1038,9,14.301546255248901,-5.301546255248901
1039,9,36.27580293936372,-27.27580293936372
1040,9,18.710224064106683,-9.710224064106683
1041,72,78.06440304911598,-6.064403049115981
1042,72,75.73937278178421,-3.739372781784212
1043,48,25.458430277967132,22.541569722032868
1044,48,41.14850579675824,6.8514942032417565
1045,9,17.628957391853515,-8.628957391853515
1046,48,54.77651273223245,-6.776512732232447
1047,72,67.7940109992321,4.2059890007679
1048,72,65.33297530274083,6.667024697259166
1049,9,14.187832015515148,-5.1878320155151485
1050,9,27.851511144966018,-18.851511144966018
1051,48,41.76572166192029,6.2342783380797115
