sigma2,tau,c2,eta,active_size
0.376144548005565,0.00122533420776377,12.6090983565848,2.15113460146913e-06,10005
0.374124348887981,0.00123138560905985,9.97063325350664,1.2353903226597e-06,10005
0.37601459765286,0.00122927929042755,7.29377991926925,1.42127917574838e-06,10005
0.37429913427111,0.00123171390589842,6.32737672488986,6.57654519712398e-07,10005
0.369947030287527,0.0012435603136624,19.127997539189,9.96274007199238e-07,10005
0.36857510187472,0.00124649414527326,9.38690159530905,5.10575174108565e-07,10005
0.367434669223724,0.00124578760906073,17.668155015057,3.27379763822178e-06,10005
0.366102405751267,0.00125075233088476,8.59761674077168,1.34369401853355e-06,10005
0.364729523524636,0.00125982159153884,9.38468913901545,3.57396937482724e-07,10005
0.361524444165699,0.0012624941561697,7.20363045408509,1.00409935360742e-07,10005
0.359414381744941,0.0012640759007912,7.38686043743825,8.0200616750691e-07,10005
0.356612363278763,0.00126559132357506,6.86699246145545,1.10215981563896e-06,10005
0.354745918238944,0.0012665644314639,10.0691915453763,8.20728255670547e-07,10005
0.353295958531207,0.001263817462095,7.92959914366336,3.69479340629074e-07,10005
0.349706029851735,0.00126706540847108,10.3101774095679,5.72133039972636e-07,10005
0.347022185129916,0.00127316520116499,9.03495835706051,1.18208261714328e-06,10005
0.347678461295563,0.00127521845975566,9.15944697102156,7.88602115828136e-07,10005
0.347417483542977,0.00127191164295451,10.0218127160874,1.67330897424943e-06,10005
0.345261711227652,0.0012772684672152,12.2769054528708,2.77505433402374e-07,10005
0.338650758958985,0.00128731875256253,10.7070059289353,9.32663289524481e-07,10005
0.335041430731896,0.00129196950723147,10.4736901261254,2.1464734331022e-07,10005
0.332924008944381,0.00129612852250829,16.5274817055979,1.32705920243559e-07,10005
0.330937904021359,0.00129816708625689,10.5687267669541,1.54190425296576e-06,10005
0.328137437161561,0.00130298270300963,11.6178000318039,7.02893270423275e-07,10005
0.32636306916269,0.00130292226277474,11.7947245252349,6.128076706589e-07,10005
0.325525279984789,0.00130218420542509,7.76665428934792,7.81529426877887e-07,10005
0.321170749191255,0.00130271172657865,7.67712321225217,5.0117374761473e-07,10005
0.323968080983424,0.00130228419309582,10.4424268821199,3.101809826226e-07,10005
0.319874742829494,0.0013037718487302,12.2819449434067,1.92844581837903e-07,10005
0.318622767957603,0.00130253357896627,10.2534663260264,4.97070139103009e-07,10005
0.315546127302689,0.00130859439862901,9.27471542149843,1.48512776182683e-06,10005
0.313671656331193,0.0013142618574019,16.2034630742754,7.90370202977526e-07,10005
0.311282167389242,0.00131732030235916,9.04936421631041,3.49601155118295e-07,10005
0.31069556435162,0.00131814902971558,9.03004389905267,1.21796979401527e-06,10005
0.31035029412306,0.00131825081487841,8.57288611201,1.07613810788806e-06,10005
0.309299865432148,0.0013180257880439,8.61648519778065,1.18580480369016e-06,10005
0.30766576883735,0.001316479286441,17.1128740328616,3.30750846948392e-07,10005
0.306336653376944,0.00132125208825152,7.06509153106362,1.41041943317718e-07,10005
0.305440456034567,0.00132254978787916,10.7447669666288,7.49854357818309e-07,10005
0.306447747499968,0.00132461207085021,10.7619162382619,1.2483577389731e-07,10005
0.305613883590919,0.00132813190301013,13.7929596031597,7.79570387689734e-08,10005
0.303652370720444,0.0013291769560559,12.9383550349049,2.5272952976571e-07,10005
0.303062604549399,0.00133182902434981,7.90671560343841,9.21147614414273e-07,10005
0.303357891943505,0.00132997950881352,16.4168596598209,1.07876166827799e-06,10005
0.301562479748417,0.00133164828351356,9.4124496808546,1.76626853873664e-06,10005
0.297678092925228,0.00133688367053997,8.7645773908726,5.8291843401323e-07,10005
0.294998228822226,0.00133478329178407,8.66104333509377,1.09089249796611e-06,10005
0.293121201110218,0.00133666116691393,7.47207602111546,3.10178566223559e-06,10005
0.290400386569278,0.00134023897228567,12.9830956412728,3.62531489222643e-07,10005
0.288821352426708,0.0013416972886921,14.8561331842281,3.35447421829106e-07,10005
0.288844665265505,0.00134383981865167,10.9476998951711,7.72146932241487e-07,10005
0.28995828463871,0.00134214157391026,9.86735381291814,4.88478975028733e-07,10005
0.289720881206103,0.00134310162792898,8.9940126141769,1.34412483316065e-07,10005
0.290985967779938,0.00133880402608351,11.204863341331,1.14899594466056e-06,10005
0.291924428271229,0.00133534896038449,9.17943883763408,9.78891566896621e-07,10005
0.291577752344719,0.0013356941656446,15.9397617244292,1.47637907431902e-06,10005
0.290262154129217,0.00133701867051738,11.0671794286531,7.59069264166016e-07,10005
0.291519942709599,0.00133914799007202,12.3912888867568,1.01192963464967e-07,10005
0.292220340909737,0.00133742375582444,14.1475590178319,1.72048165081459e-07,10005
0.289196750901258,0.00134654861961782,9.58007285882042,1.14299784284791e-06,10005
0.286198169765239,0.00135885249885925,17.9005146547064,3.40472659846936e-07,10005
0.284896463629837,0.00136422260508181,11.2723582307057,1.4356857521951e-07,10005
0.282762759013005,0.00136747528903899,10.8259321003485,2.09805458719961e-06,10005
0.284133897940422,0.00136841181790735,6.56324928202893,1.32221592684468e-07,10005
0.282119546788718,0.00137164470721614,12.9625023307361,7.17981895592722e-07,10005
0.280384843313644,0.00137264230653777,7.64954262737711,2.22809875387518e-07,10005
0.280369039138829,0.00137168117197715,12.3431509410482,4.4326645824411e-07,10005
0.278301803987568,0.00137244250841925,9.86439654897266,1.19672422682584e-06,10005
0.276937185766027,0.00137703152711863,5.8415592908153,9.01007622819278e-07,10005
0.273773653437125,0.0013760094138186,12.0462075948577,3.17240065285358e-07,10005
0.273294890641921,0.00137568455865776,6.87251795719234,1.60341669841163e-07,10005
0.272703928880495,0.00138149396420352,9.96020331376564,6.37064722096937e-07,10005
0.271084162292096,0.00137952941023268,8.1128421246741,3.82373397842664e-07,10005
0.267641189189494,0.00137841961456377,8.08247788396754,5.07652287441868e-07,10005
0.266020047200501,0.00138841748924453,9.81335191892188,2.71233717737088e-07,10005
0.265590665482831,0.00139293112214929,11.5906505776258,1.58244566317763e-06,10005
0.262309589067842,0.00139425286341021,16.7851107525507,1.25188932019355e-07,10005
0.259560684464348,0.00139937712040574,10.2712121603321,1.12239467112673e-06,10005
0.258492995373854,0.00140131968983693,13.6195280859666,3.70904780889268e-07,10005
0.257297312599457,0.00140643707966806,13.2040775863173,1.08038659572414e-06,10005
0.254772863900708,0.00140928182067504,9.72976497027526,7.45075107701901e-07,10005
0.253820897272325,0.0014124325723907,7.37844448926218,5.83882756951454e-07,10005
0.253734353393531,0.00141277361143432,7.32490068866311,1.73441523756449e-06,10005
0.252831723672809,0.00141181528781204,7.51110725160254,6.05640193878028e-07,10005
0.252378721297776,0.00141183102582345,12.6588688209727,1.09450346847861e-06,10005
0.252285833624392,0.00141281075212499,11.6131644047583,5.15755080470351e-07,10005
0.252038120757616,0.00141323263066168,16.7101602414985,1.31633844525717e-06,10005
0.250195919880109,0.00140862428061948,9.98403786199543,6.18372033531407e-07,10005
0.247769418626568,0.00141443642435664,8.52636790957194,1.23159548328558e-06,10005
0.247242768023974,0.0014131877463882,14.7053462288014,1.23355391660501e-06,10005
0.245903095363832,0.00141833218363583,13.2675385445208,1.38323759403591e-06,10005
0.243385859082402,0.00142463373837824,10.4595154754636,1.05411368335091e-06,10005
0.240425794218516,0.00143127609183984,12.7862161462662,9.77091800466198e-07,10005
0.239955796282623,0.0014355359973502,7.25594859812028,9.88075519652727e-07,10005
0.238664702650775,0.00144026273145201,13.216877561951,3.08386521593039e-07,10005
0.238072277535902,0.00144183785982354,16.2812024136321,7.207720585375e-07,10005
0.237117102196546,0.0014455583522841,13.4618536683338,1.67499112234021e-06,10005
0.237400187629223,0.00144428001444581,12.098243140824,5.29411829248177e-10,10005
0.238888448587972,0.00144558109335181,12.6276587009925,1.6995827148091e-06,10005
0.237276974440461,0.00145143845655504,9.12247594201389,3.26270217390418e-07,10005
0.234179978903135,0.00145758257096064,6.44976993767305,2.78474087486546e-07,10005
0.233293489044852,0.00145810841221659,13.7009433613815,6.92626306614878e-07,10005
0.232758080984158,0.00146550357019099,9.43450877581287,2.17083018892048e-08,10005
0.232646827807332,0.00146525857717368,15.7729223665004,3.07685050401138e-07,10005
0.23034037570154,0.00146964551054036,10.6161575683718,1.10517485389669e-06,10005
0.229222574977568,0.00146707571979064,8.99095212547565,2.56730290217637e-07,10005
0.229164785093757,0.00146823145109002,7.30522825056787,6.83325016983737e-07,10005
0.22829755607198,0.00147394858107962,9.23923090574557,2.14017661111962e-07,10005
0.224939957888189,0.00148252459321992,7.42217113358211,9.87729397487044e-07,10005
0.224359780057102,0.00148871504205022,8.92841424937158,8.59149764740132e-07,10005
0.223911849638432,0.00148947927177964,5.03386481837428,4.46712513098284e-07,10005
0.222715775734609,0.00149306609638979,9.12024105153437,3.07432603659029e-07,10005
0.222818094708264,0.0014966051987034,10.577984174608,1.27364066152711e-06,10005
0.221891612937667,0.00149922691161253,5.77544065954662,7.16416283456061e-07,10005
0.221492402481681,0.00150280596080728,10.9148107617022,5.44666318854735e-07,10005
0.222442078146681,0.00150131965475703,12.4911962728505,1.74072906806828e-07,10005
0.222099528884139,0.00150322957688516,9.95585243461365,1.24515907905699e-06,10005
0.221062860029194,0.00150822838736277,11.4434403891776,1.89108419336466e-06,10005
0.220415245328288,0.00151157430684281,9.6140007500234,1.66848661023801e-07,10005
0.219263538927368,0.00151423058105521,12.5395494197483,6.63451966078113e-07,10005
0.218859447616061,0.001519665015936,9.02431282583698,7.2156076094777e-08,10005
0.219067110160872,0.00151619041060368,6.81698192197504,8.34656063075252e-07,10005
0.218749570016633,0.00151409771346928,8.92648166310889,7.95062261711285e-07,10005
0.217326495618719,0.00151850661890742,6.34270598155584,1.79903528489096e-07,10005
0.216670191908182,0.00151883890444455,12.4958297640236,6.27618726912258e-07,10005
0.215699559973422,0.00152346834517295,6.43987661138164,3.1363711728183e-07,10005
0.215565485828077,0.00151867483994834,7.26792325727232,2.19936221532351e-06,10005
0.214168717361754,0.00152057847626733,12.3728530222486,4.6151040224028e-07,10005
0.214121674006799,0.00152340353876962,9.67931153708166,1.03529335447996e-06,10005
0.213588231087379,0.00152408871783374,10.7232238395829,2.95913015557575e-06,10005
0.212424853471696,0.00152668753780546,15.1381742799947,4.30790771196978e-07,10005
0.212908618586891,0.00152470434018246,7.47302072461703,1.26919977125584e-06,10005
0.212999057990951,0.00152577129086021,9.13705517238763,4.23402110490871e-07,10005
0.211534955817416,0.00152755665238747,10.4992522119335,2.05775249421514e-06,10005
0.210092671086535,0.00152587857928123,12.7142414263127,6.72452395844626e-07,10005
0.208578593416863,0.00153729183530521,8.68343323610476,1.1422259845677e-07,10005
0.207917463593015,0.00153939159996334,6.93149528023871,7.84440287307111e-07,10005
0.205398311644027,0.00154618356012221,10.3749789843104,2.41651631957311e-07,10005
0.205102273126063,0.00154607681193311,8.66419207894153,3.91332442599068e-07,10005
0.204164851319262,0.0015504314965644,14.5824356650671,1.52798407672172e-06,10005
0.203308531689009,0.00155712148341149,16.2396722569487,1.71153660460615e-06,10005
0.20359560716529,0.00155638068815933,17.3989925747299,1.18947900761096e-06,10005
0.201761432094522,0.0015547398837788,12.9942954953357,2.5403111987975e-06,10005
0.200783778357615,0.00156064392250886,12.0582537573736,6.0385584209405e-07,10005
0.200456243808222,0.00156469886097694,15.9918820102671,6.6785591144011e-07,10005
0.200698273616194,0.00156368496524429,7.01530521147817,1.98844692816375e-06,10005
0.197902500918634,0.00156979647532135,7.16908304427891,9.16215560073776e-07,10005
0.198535737720368,0.00156351280983115,8.61683583553502,8.71071498697349e-07,10005
0.198253915025822,0.00156134470662599,22.950089034835,5.82894418391698e-07,10005
0.197588331065309,0.00156391625767816,7.53860171110072,6.00238698337368e-07,10005
0.197118052973527,0.00156583100644235,16.2879508047001,1.75028326378439e-07,10005
0.19631533195963,0.00157007489113875,8.46164650683578,6.65715281880465e-07,10005
0.195617802817855,0.00156161767467175,9.80351256236081,1.03379040760772e-06,10005
0.194942667087326,0.00156438025916925,14.0442808497136,7.71500941736535e-07,10005
0.193434526568565,0.00156851030887502,7.98608606871283,4.10862346032563e-07,10005
0.193834015613091,0.00156743909672722,8.25936099388669,2.37867937853004e-07,10005
0.192922304454405,0.00156850604835767,10.4822402853343,7.45794117769139e-07,10005
0.191587984420443,0.00156850989081413,9.83868907150936,5.20114437693263e-07,10005
0.191974025807242,0.00156692914769828,16.0343194934164,1.5470187518232e-06,10005
0.190512363741634,0.00157807928941343,13.8221969221698,5.1228662247824e-07,10005
0.189216465643282,0.00158679126414457,9.68297299783439,1.43081469722995e-06,10005
0.189269669692951,0.00158648575271277,7.33913586332922,5.1228677564793e-07,10005
0.189142519918672,0.0015826698663206,8.02132444860171,6.19377238665687e-09,10005
0.187182870613173,0.00158434906272223,12.8400861785881,7.53376424348245e-07,10005
0.184949077765687,0.00158912162016301,10.4525785986134,1.29905662025112e-06,10005
0.183168865011932,0.00159358189247389,8.70453775082809,1.16237713889997e-07,10005
0.181383049074877,0.00159112986633532,9.79487498638836,1.28380189280738e-08,10005
0.179668206248472,0.00159550525081383,6.3600859216778,1.21603548858311e-07,10005
0.180594861562991,0.00159035408647949,9.51421051605685,7.75309980355074e-07,10005
0.180227525612745,0.00158399357269532,11.0264655022336,6.30516029506277e-07,10005
0.179322500782918,0.00159044517549678,7.77973840426659,1.5286680559817e-06,10005
0.179584799892815,0.00158996659342452,10.4565512354354,3.26600917389886e-07,10005
0.17856799731555,0.00159103105589231,21.7788353002925,1.33223884759155e-06,10005
0.177289363429196,0.00159535500157025,6.73656142715923,2.15631450984348e-07,10005
0.176387334907152,0.0015923221441003,9.55364280337244,8.47618694800318e-07,10005
0.178103988241545,0.00159040769300241,9.87386301166115,3.80511528980865e-07,10005
0.177519650925458,0.00159559533821757,18.4314939186385,8.57734706496667e-07,10005
0.177892438744003,0.00159807264714006,17.2871030488616,7.38157246999146e-08,10005
0.177086736582002,0.00159928725584358,7.62541671227929,6.11330361075344e-08,10005
0.176730159679444,0.00159969042140587,9.87692879658613,5.68872250657409e-07,10005
0.176469448107736,0.00160042838768314,12.3889544050835,4.02411689869406e-07,10005
0.177067041081295,0.00160120585740256,10.4060494394076,4.10272785505973e-07,10005
0.174869540920004,0.00160717381165564,17.734221022348,1.01156939794783e-06,10005
0.174074101928396,0.00161686313570987,11.7472677163148,4.80360460897165e-08,10005
0.173208942522083,0.00161720057501629,8.56757884769672,7.67747993196055e-07,10005
0.171979012512515,0.00161455122728143,9.73150873926092,1.24482761382797e-06,10005
0.171114502819136,0.00162161222798776,11.6608325146648,1.55441729683591e-06,10005
0.170833321937132,0.0016206475905915,12.3193505083699,4.52577866926116e-07,10005
0.171792088051289,0.00162004019560745,17.3616362667273,3.20042386272306e-07,10005
0.169582210817722,0.00162881243251258,8.48281947772331,5.64429009788963e-07,10005
0.170127762071168,0.00163167959632899,8.2349163280548,2.00189958682151e-07,10005
0.169964019833883,0.00163206809471988,12.0351563708741,6.41134596174735e-08,10005
0.169023986753779,0.00163883194037863,10.4395481609206,9.24701230495105e-07,10005
0.16806919857331,0.00164207679584829,9.36730074511717,1.01755478996861e-06,10005
0.166977944970127,0.00165320819342676,9.04293557528338,7.97638941920916e-07,10005
0.167056102180952,0.00164693753192196,7.25319143306289,1.20504056044926e-07,10005
0.166311519583369,0.00164783800724,8.72315723719889,1.83315432549961e-06,10005
0.164441399825054,0.00165407482588838,6.52562465919837,2.63616878297515e-06,10005
0.163155213005491,0.00166128800831682,11.3609467583276,4.96021297782838e-07,10005
0.162038892772545,0.00166235424421209,9.71582209058245,1.34099198737119e-06,10005
0.161443667370408,0.00166618627479297,7.29902573695756,1.67918175990911e-07,10005
0.160201878728441,0.00166864368206402,19.5110331310514,1.93212781007057e-06,10005
0.160222489502293,0.00166979293030844,9.46063050648534,1.88988624385551e-06,10005
0.160025086332149,0.00167143887426932,6.34304453697223,2.54594701953504e-07,10005
0.159397655718756,0.00166970979204064,14.9547766261345,1.39306395964885e-06,10005
0.158984413165519,0.00167134421871009,8.52049517521376,6.46767438194025e-07,10005
0.158786885790298,0.00167325556982939,4.54602086484225,9.29899588907112e-08,10005
0.159160350465709,0.00167525727352516,7.19116810944943,9.67775787196847e-07,10005
0.159397628069933,0.00167479843311877,7.79059704151474,1.95020340498216e-06,10005
0.159145550101651,0.00167455472819313,14.7113102362276,5.37518537075084e-07,10005
0.158935889331628,0.00167352333575485,5.58487597486727,1.43879674633256e-06,10005
0.158323550297081,0.00167730419814274,15.4829280227936,1.76326105970287e-07,10005
0.156131756482871,0.0016867719027974,11.8168080490885,1.25581821548439e-06,10005
0.156963386171133,0.00168132243765904,8.98394468114791,6.43908624681634e-07,10005
0.15544377518722,0.00169125027852357,13.5578810909195,1.14718192681597e-06,10005
0.155761283669262,0.00169296741157156,6.39719964593665,1.22286270551758e-06,10005
0.155876496374277,0.001698690673987,10.3519265987082,2.58804590568014e-07,10005
0.155672385487847,0.0016948681075301,8.64605569269207,1.39881019132305e-06,10005
0.155124772685743,0.0016949900943362,8.33980827666603,1.01145247548799e-06,10005
0.153943169689825,0.00170329898066364,13.5489957190106,5.17853957271306e-08,10005
0.153875178066102,0.00170793982405425,10.432308852197,6.95115762374392e-07,10005
0.152741041793792,0.00170864925313669,10.7358933503953,3.21430530598199e-07,10005
0.152730907438981,0.00171557238501477,7.92672746203861,1.14988151265683e-06,10005
0.15309007334936,0.00171715926397123,12.0017208442508,1.48968137229478e-06,10005
0.152189455409048,0.00171607891355082,7.03044137857011,1.23950830746752e-06,10005
0.15126460382664,0.00171683805234453,16.9619305108147,1.32642846855919e-06,10005
0.151342232847506,0.00171675485249177,10.2505749158607,9.97991115997604e-07,10005
0.150343169344136,0.00172028838540255,10.3274943451894,4.67337030882528e-07,10005
0.150036480381694,0.00172259168080628,12.1003316424626,5.71660233197219e-07,10005
0.149855405377279,0.00171658991322933,7.43111733752008,1.03929584459175e-07,10005
0.149791883181394,0.00171235269642848,11.7254464927699,5.65783713358371e-07,10005
0.148208642751818,0.00171808046914183,14.8936028198441,1.39472197900196e-06,10005
0.148133673809371,0.00172413024016082,6.57165086814715,5.1372859124946e-07,10005
0.146965484458106,0.00172801489807803,8.67148803401034,1.88347067824132e-06,10005
0.14658889857577,0.0017284811084427,5.88787696873156,1.23331546427295e-06,10005
0.145977687036217,0.00173699065052143,12.238694552791,5.5922293200701e-07,10005
0.146168857436339,0.00173923114055507,15.4793347295627,3.69462166079887e-07,10005
0.144828155812289,0.00174835962592917,16.2393301456089,1.81502371412421e-06,10005
0.144151860855148,0.00175048405805303,9.50151843819285,1.81702676143935e-06,10005
0.142368357838343,0.00175359866713957,7.44185971952144,6.12936756973896e-08,10005
0.140592485306191,0.00176157202061216,10.096342524051,1.34199545473187e-07,10005
0.139902846441116,0.0017697176720654,7.79611048094854,1.38844875987571e-06,10005
0.139210223456138,0.00177036089483827,12.33254189827,1.1692631354646e-06,10005
0.138776466156304,0.00177221609096549,12.5222548308491,3.10933713611277e-07,10005
0.137169923317114,0.0017792699184925,11.3365186300996,1.35127445513129e-07,10005
0.137509904316998,0.00177851262076224,9.5849534710831,8.92462827549171e-07,10005
0.138137196925766,0.00177449404384833,13.6098287223285,1.16573705230415e-06,10005
0.136370999513084,0.00178466523803664,8.21119098960364,2.02885521363361e-06,10005
0.136690333758501,0.00178503628352425,9.53451380680836,5.53813579794423e-07,10005
0.136133078960258,0.00178768377849891,10.9792376054875,6.78955610613713e-07,10005
0.135904695219192,0.00178821356734603,5.41529970109115,4.98180971714427e-07,10005
0.134633850735717,0.00179250197345085,6.65934307304634,1.59161009156157e-07,10005
0.135150516999521,0.00178758055202097,16.5883078845625,1.82232516464602e-07,10005
0.135556374136142,0.00178956270217452,17.7511879653024,4.32203685324787e-07,10005
0.134352404018133,0.0017909687679633,6.49379121999953,1.34909891277072e-06,10005
0.133733969508469,0.00179690057376656,10.6947878031278,1.26279818557642e-07,10005
0.133081356928346,0.00180676003723986,10.5051715657358,1.13681804086591e-06,10005
0.133237757684508,0.00180807066112724,9.6422012660018,1.22987722613042e-07,10005
0.132215304561263,0.00181304049351562,6.73205375449954,7.13063405487332e-07,10005
0.131460111085676,0.00181176079274423,8.65489209909562,1.94030588402384e-06,10005
0.131028177040591,0.00181795619605677,27.9742614839821,1.34177963688943e-06,10005
0.129294348820921,0.00182274155639068,6.42414433082753,7.42883713237296e-07,10005
0.128498695095965,0.00182970951875019,9.02859879103794,1.00461577902349e-06,10005
0.127948624080683,0.00182794985980175,10.3889466759176,1.46209648957127e-06,10005
0.126808753206552,0.00182899693230864,7.68142922707179,4.39849593060911e-07,10005
0.126388653135803,0.00182220121630662,13.2140500940491,1.26398447322693e-06,10005
0.12608947549919,0.00182598487947418,10.3298288232851,7.96184093323889e-07,10005
0.124630605012644,0.0018291269205838,7.24212111734132,7.47214499712597e-07,10005
0.124674834789569,0.00182635111651239,5.91705180511292,8.27472540108327e-07,10005
0.123935581489406,0.00183013259498901,5.29501139818407,6.11119012286387e-07,10005
0.122993908799647,0.00183331002197046,7.27187881786385,1.12673268490427e-06,10005
0.122371069536851,0.00183359066752136,13.4517084658852,3.93264849185128e-08,10005
0.122265279888965,0.0018376850252955,13.971883532399,1.71618710031036e-07,10005
0.121737203382684,0.00183777765465954,10.1562184040997,3.30113190457512e-07,10005
0.120902121137049,0.00183834919415838,8.91389477917644,1.21325546664273e-06,10005
0.119901430603342,0.00184667991269373,7.93588702403308,1.73673551835798e-06,10005
0.119741660976621,0.00184811516476361,7.06273757008883,7.88516369420579e-07,10005
0.119241041322545,0.00185059035162716,8.48430669379739,4.89187764619355e-07,10005
0.119301801099501,0.00185148369621486,18.0316953383568,1.13949888712039e-06,10005
0.118487639368777,0.00184927399062446,11.0121387183889,9.30514343073505e-07,10005
0.118155510761958,0.00185445126245846,6.37169974820793,1.65484407786346e-06,10005
0.118205482890229,0.00185349926594718,9.44677246557648,5.29580860293108e-07,10005
0.118626820502993,0.00184915683270088,14.6950242455878,7.7860035532041e-07,10005
0.118036609028774,0.00184934958170617,9.86104010954078,8.69273387455016e-08,10005
0.117666932162927,0.00185247633313552,5.47781917252065,1.45318545759658e-06,10005
0.116737628944635,0.00185627223705067,7.54265288789477,1.16501110494835e-06,10005
0.115833550702845,0.00186240979013536,9.66027923680574,8.35556938339026e-07,10005
0.114574312946005,0.00186745219614329,7.26618886251678,5.21012204957009e-07,10005
0.113967128185666,0.00186668577792912,7.60221314214075,2.79119248159094e-07,10005
0.114510038965362,0.00186253528120397,11.2056483964981,1.06110369341432e-06,10005
0.113753096866673,0.00186393667593903,8.23334273570505,1.08853495896388e-06,10005
0.114267656216568,0.00186676519472442,12.2518667069079,7.49822446712076e-07,10005
0.114661188556489,0.00186238648077152,9.22906977210923,1.03714624266143e-06,10005
0.113904910232564,0.00186090986679642,12.638123273832,4.17352850544028e-07,10005
0.112731438255249,0.00186365732440824,9.39823766232963,3.90857657520236e-07,10005
0.112007235787242,0.00186655777824931,7.51859617832841,1.20153984243809e-07,10005
0.11239618771371,0.00187213850682073,8.39783847034279,9.61705083190961e-07,10005
0.112418662418509,0.00186307760264923,10.0180048188913,1.12293482430164e-06,10005
0.112330458912142,0.00186504257817755,20.8757739554509,5.56626872520828e-07,10005
0.111975558148508,0.00186374287975583,8.48162928873701,2.61206029462459e-07,10005
0.112055276689103,0.00185980567370279,14.2625435463567,7.79723643553325e-08,10005
0.111529838653993,0.00185860098413018,15.2922841368396,1.4665173180522e-06,10005
0.111386145230502,0.00185797825053676,15.2696332442011,1.31326469296992e-06,10005
0.110749525463085,0.0018630762096498,4.61947815296264,7.46592658698385e-07,10005
0.109795847566455,0.00186642818609246,8.63544137071701,1.11771290711222e-06,10005
0.109878862571873,0.00187317131876723,7.96187785777973,3.89758928250425e-07,10005
0.109723060262109,0.00188657249317588,9.09853677702948,1.35406424682945e-06,10005
0.109818267002033,0.00188913044182331,15.2660205877141,2.59715327485288e-07,10005
0.109203018208578,0.00189178994037764,8.44272695883003,2.00197853881515e-06,10005
0.109047175149193,0.00189780005593451,13.4168086641272,9.12885187219975e-07,10005
0.109359105607368,0.00189989703915258,8.74297556747846,8.39344404766585e-07,10005
0.108981659338394,0.00189958150683389,9.26572544440073,1.07260442663765e-06,10005
0.108810363463458,0.00190106360802068,9.14035218490462,1.15900428134254e-06,10005
0.108733108934826,0.00189948923084444,11.8458071964134,3.52947175222742e-08,10005
0.108210531208318,0.00190043743296482,11.355715683271,1.81897737184275e-07,10005
0.108260987988082,0.00190414732931741,15.2392990807198,5.50278365943976e-07,10005
0.107731895212004,0.00190365476696755,10.7477953429509,1.34685604746016e-06,10005
0.107327181930536,0.00190987297749803,6.8027268869597,8.03672319910094e-07,10005
0.106359874263086,0.00191885388967807,11.2869415751295,8.40449298819727e-07,10005
0.105410602509527,0.00192209687407442,8.09453521600074,8.98144634374042e-08,10005
0.105321273726516,0.00192262925754638,14.2040234846492,3.45258198748132e-07,10005
0.104755232121644,0.00192116422893062,9.16442207025707,7.89023411170798e-08,10005
0.104516611591374,0.00192655713446451,8.53421357449146,1.17896094938506e-06,10005
0.104239966899467,0.00192875528374089,20.2978837491382,1.85700686862626e-06,10005
0.103686826563436,0.00193544559677001,19.2431567816932,2.2963122139863e-07,10005
0.102670428947455,0.00194392158725189,10.2052509151708,1.72932456336028e-06,10005
0.102042486504634,0.00195401127494753,11.2126418454876,9.45643919054977e-07,10005
0.102130176121374,0.00195842467197308,14.5766671726858,3.33123855035226e-07,10005
0.102927963560138,0.00195321131788683,7.45703225061675,3.70241346904442e-07,10005
0.102516317937191,0.00195525372200599,6.00176964626046,4.18495653236817e-07,10005
0.102698676365199,0.00195807965684394,14.660702424882,1.65873800461252e-07,10005
0.102795652227874,0.00195439982839945,3.67390792534406,3.06053271022274e-07,10005
0.102811089712443,0.00195182326050441,5.46420410289147,3.16328784173866e-07,10005
0.102393230479045,0.00195477409172246,10.4345885693559,1.18090105810393e-06,10005
0.102766629879445,0.00195508886297538,9.02471400978939,3.94501119509413e-07,10005
0.102232457809789,0.00195884590553041,7.19356536919585,2.72872384682916e-07,10005
0.102194966098347,0.00195686914530136,12.6595197924257,2.62069784756974e-07,10005
0.103092047630432,0.00195111394082122,5.27838222772204,1.17339055678803e-07,10005
0.101772982559211,0.00195696616946932,5.03651614558311,2.22453589793492e-06,10005
0.101225986584872,0.00195086804092805,7.93911313371673,1.37458078591895e-06,10005
0.101569918696741,0.00195125561466891,14.065658902687,8.72743894629616e-07,10005
0.101598469272051,0.00194995789616055,7.32972622734226,4.93920056030532e-07,10005
0.102012963457438,0.00194657916628738,13.2305048551293,1.6396004443241e-07,10005
0.102020017396578,0.0019479529330753,7.61757654762702,1.66268095525392e-06,10005
0.101655471349343,0.00195522183401337,5.85972800773719,1.89629137741432e-06,10005
0.100972599227092,0.00196189625498223,6.30469447860725,7.2565469050456e-07,10005
0.10037820747087,0.00196700548374274,10.9446422931384,2.60523635410634e-07,10005
0.100584117824093,0.00196149267067525,7.50337254031418,6.45951326488644e-07,10005
0.100835365747753,0.00196560930890153,16.2917779990641,9.83198034985155e-07,10005
0.101268935408232,0.00196871840866567,10.0617206831782,1.68411426607997e-06,10005
0.101274492202199,0.00196679012048417,11.754547958,3.90533525215085e-08,10005
0.101158409552995,0.00197092009653059,15.9701880515617,6.83003191737676e-07,10005
0.100819835386556,0.00197099993400421,6.39795705192464,3.77445725205801e-07,10005
0.100300241261191,0.00197652390329878,5.48423629430962,1.01172169842643e-07,10005
0.099890258635638,0.00197800733798144,7.64932660868831,1.34363606099865e-07,10005
0.0990292134421798,0.00198337164057541,9.98673462002584,1.12266739866587e-06,10005
0.0992000531282357,0.00198057042758738,9.02316239097094,2.81854146900084e-07,10005
0.0991745554729594,0.00197811114769958,9.67758433881344,6.35711913110046e-07,10005
0.0994790491492547,0.00197427617328004,8.3304134050088,1.29819987368785e-06,10005
0.0989731495559813,0.00198141128208942,13.2190160087607,3.67893643024868e-07,10005
0.0983063392298468,0.0019885017097356,8.92575533496592,5.68230718065024e-07,10005
0.0984644316103717,0.00199175251426938,15.8976822849228,1.40414703515708e-06,10005
0.0979399422503194,0.00199831353921443,9.0946596466335,4.701265574687e-07,10005
0.0977476782988093,0.00199683482223794,11.4008062297398,5.15532757000068e-07,10005
0.0974261848773514,0.00200506475467476,7.50985955277037,4.82570486282132e-08,10005
0.0973138504589429,0.00200581009336394,6.17630205196925,6.24899288656151e-07,10005
0.097097941392076,0.00200638058355533,12.5444521991785,7.57577228161464e-07,10005
0.0962784225443116,0.00200866502565937,8.48811281192739,1.00529579592416e-06,10005
0.095541376330469,0.0020073361675082,7.49483342704891,5.23477459161446e-07,10005
0.0945202887510299,0.00201421410316245,16.6382795428174,1.29495746349006e-06,10005
0.0943406996120522,0.00201573640867464,9.37596842998968,8.79112466213314e-07,10005
0.0937526142088995,0.00202362595721654,10.4626634518739,1.96143795888605e-06,10005
0.0927769086176004,0.00201907573896764,7.50280363097043,1.71897407478965e-06,10005
0.093207242103866,0.0020158681173504,5.87183405814248,7.72649886948115e-07,10005
0.0935196328453305,0.00201780294866607,11.7157900478866,2.95243673799211e-08,10005
0.0935429049061472,0.00202486675223453,11.7069471570568,1.10000307714402e-06,10005
0.0935709102372028,0.00202128889235579,5.77269619589897,1.11658798497079e-06,10005
0.0934422098372254,0.00202431645269607,7.15584127295052,2.29229892938168e-07,10005
0.0927663106820964,0.00202876834524594,8.75274530495569,3.36304857402372e-07,10005
0.0921088548408869,0.00202910426636381,7.01372522898695,8.29793577390862e-07,10005
0.0918895422112155,0.00203788957849362,8.33818874106354,8.08009700773367e-07,10005
0.0924421096617628,0.00204364254093784,8.96843847664906,1.21409158828018e-06,10005
0.0921469180057591,0.00204764387677242,6.8679576087303,5.73696875837987e-07,10005
0.0921945309977635,0.00204911067158371,10.3442797232756,1.02793259754511e-06,10005
0.0920866666834671,0.00205061257099081,6.75821644447829,2.41066652846391e-07,10005
0.0919689970232509,0.00205907410726545,20.1351233877032,2.64771736954914e-07,10005
0.0918605725524485,0.0020592790644027,7.72437365134509,8.14612071304474e-07,10005
0.091787504555707,0.00206491147151351,11.8579879293581,1.26171865133829e-07,10005
0.0915505658668175,0.00206713978296261,7.59429372728609,2.00572053606329e-07,10005
0.0906729146671725,0.0020711736591232,14.8929921364023,3.07452323597131e-07,10005
0.0913767098969262,0.00206617172764728,5.52206210878843,5.91554178340596e-07,10005
0.0924682449997364,0.00205678092329699,7.25214407038661,3.12856669319263e-07,10005
0.0918827265428832,0.00206297906262348,7.28593550642154,1.10900767420976e-06,10005
0.0911912831802937,0.00206269929138315,12.115707675837,1.12708617627415e-06,10005
0.0911890827975869,0.00206865844223007,15.9511215983535,4.15267106540676e-07,10005
0.0903270540918063,0.00207811989053529,11.7912748067888,1.14781316211745e-06,10005
0.0904564592830957,0.00207839809944493,9.80182828476524,1.08049227947078e-06,10005
0.0906341872996415,0.0020839411512452,7.31422879242399,3.75513020218187e-07,10005
0.0905160690041929,0.00208317783822503,9.0339122899716,8.94162992186862e-08,10005
0.0899704912304032,0.0020921517664167,21.8483800304269,1.27172545482083e-06,10005
0.0903352938276533,0.00208743215124263,13.3915373556003,7.54716885286615e-07,10005
0.0906422667980502,0.00209251922626331,10.0959584218873,1.31330039587408e-07,10005
0.0904565840774125,0.00208981414484556,7.48111534665944,1.25675956527484e-06,10005
0.090154712062384,0.00208996825471656,9.86965022356881,5.49552074375077e-07,10005
0.0906988403128554,0.00208503883233154,11.24799855353,8.09624379432763e-07,10005
0.0900641915559667,0.00208522305200311,9.44605853670643,1.32404585262518e-06,10005
0.0897694604679113,0.0020856743591329,14.3946919793273,2.84860015602231e-07,10005
0.0896749310618964,0.00208225516402493,9.08979671245868,5.57513035148291e-08,10005
0.0903600101504298,0.00207438826843817,8.69188244161965,2.21713392720521e-07,10005
0.08955939382654,0.00206912496023189,12.1957930680018,6.94608042581336e-08,10005
0.0883027088327119,0.00207470718624295,13.6339546377442,2.13862984589197e-06,10005
0.0885793880479015,0.00207511765981225,7.97604915723633,7.08219232750588e-07,10005
0.0885534357816143,0.00207709762010606,7.36110030186166,1.19646285254054e-07,10005
0.0883943152319678,0.00207363226219572,6.10444706103475,1.03986434152318e-06,10005
0.088417950016891,0.00207388353443058,15.097175393426,2.28293206501597e-06,10005
0.0875846263636253,0.00208547461596112,8.40891652167209,3.98655417495047e-07,10005
0.0873298703972319,0.00208558511216403,10.151912255227,5.76421379419976e-07,10005
0.0873019120921394,0.00208866856621887,9.72320338643034,5.6357040214753e-08,10005
0.087492059569528,0.00208263777307086,8.06146961966894,1.03477586467289e-06,10005
0.0874990998690332,0.00207071924288642,9.56222128647278,1.153513821985e-06,10005
0.0868640881648041,0.00207834246207529,7.6490244018486,2.66689540964306e-07,10005
0.0859006619109265,0.00208295559490219,8.77039570119329,3.73127457995487e-07,10005
0.0854731063428491,0.00208438873132827,13.4668175555637,1.0959135286032e-06,10005
0.0851429062462616,0.00209218470961448,7.39837278296563,9.82406278128516e-08,10005
0.084809167792932,0.00209461546834552,11.704079149702,3.80733060198763e-09,10005
0.0842826013490673,0.00209635986691157,6.82330882209346,8.03593393592796e-08,10005
0.0848333315192817,0.00209563419760732,40.7788093634996,1.13762798121589e-06,10005
0.0846791559355748,0.00209342391792653,9.12640606352593,1.04358586817953e-07,10005
0.0842471522644422,0.00210296978182597,7.09472809680842,2.48638961778746e-06,10005
0.0842536953892117,0.00209768981653096,6.88966019220793,4.95117399894591e-07,10005
0.0842194858637372,0.00209639376628941,13.8558931418453,1.49296150588158e-06,10005
0.0837173118064807,0.00210091848514841,11.0656345985442,3.79466651050194e-08,10005
0.0832839361525191,0.00210406206471766,13.5382831417984,1.36221953146244e-06,10005
0.0838126436838446,0.00210028651133821,15.1972374897132,1.65301474515758e-06,10005
0.083829892868927,0.00210113294406193,9.63911958058423,3.94693078461845e-08,10005
0.0835362912520459,0.00210892673685636,7.18511256963717,6.49398967365829e-07,10005
0.0831294013747521,0.00211906382601813,7.72333797354697,2.37392734345099e-06,10005
0.0830129714476265,0.00212505763257473,8.47723743002392,9.1044500575565e-08,10005
0.0827547303422168,0.00212561009962218,7.41647433547373,4.30796018942915e-07,10005
0.0826480246119728,0.00212925476272952,7.01172878285224,1.39074743108099e-06,10005
0.0822984272630412,0.00212859621023738,8.25205834791658,1.25492154786586e-06,10005
0.0820714340328313,0.00213422710550505,12.9473388524313,1.19023656904459e-06,10005
0.0819407722588916,0.00213912652199565,14.8682259707568,2.32737653226424e-06,10005
0.0812200115214387,0.00214281624995851,10.7922043924179,1.21472975150059e-06,10005
0.081603346907508,0.00213786736145375,12.4607320664954,3.97623312565346e-07,10005
0.080864554998176,0.0021417753906662,13.8570427103164,2.70454284540374e-07,10005
0.0808633363597978,0.00214458677970459,22.371622934548,1.18536133468093e-06,10005
0.080791967470166,0.00213951035729333,8.27232030395524,1.10325415013729e-06,10005
0.0808476594523407,0.00213919274091555,10.5884643078242,1.58485061043129e-06,10005
0.0808839838582913,0.00214273140836498,9.33084045061249,1.78902838547969e-06,10005
0.0807736689518513,0.00215048912161431,11.7998579046771,1.8939842831386e-06,10005
0.0807696785227266,0.00214642440296298,8.24951669400479,5.75832451813114e-07,10005
0.0807686353380488,0.0021467412915633,7.63578340123778,2.68820602371883e-07,10005
0.0805858712333558,0.00215435173693418,10.3406802034824,1.97234733704803e-07,10005
0.0803995316177816,0.00216081939313454,11.838415504094,1.68910299986748e-06,10005
0.080251364314691,0.0021613405957879,9.37397308215962,1.00753687552291e-06,10005
0.0798348159412311,0.0021688763041886,9.37322707775484,1.56015613081259e-06,10005
0.0789358499747134,0.00218076383725033,9.15705262084767,8.94788102143569e-07,10005
0.0782817022064876,0.00218824626912829,12.3116745399446,4.03423916164788e-07,10005
0.0779920475327294,0.00219305489239469,8.3750748211696,1.57440917722781e-06,10005
0.0774157799549374,0.00219774662498751,11.2911673277353,1.01179706409289e-08,10005
0.0776484592199697,0.00219746162571828,5.41600502056064,4.0003823298639e-07,10005
0.077972190561143,0.00219578166560245,6.87203896490852,1.01391559616133e-07,10005
0.0778118263759587,0.00219780354308592,8.90471663130458,1.84985762857319e-07,10005
0.077388820401122,0.00219603849097759,9.36600378234509,5.14129318111711e-07,10005
0.0771172750357833,0.00220341134745092,9.53762216914743,1.03664078901284e-06,10005
0.0766151649251066,0.00220869514754959,8.1196843923211,7.66710766436887e-07,10005
0.0772661742727483,0.00220167323518816,11.7486948421605,1.69277274222924e-06,10005
0.0771141925607897,0.00220556431496121,6.20318651179374,9.55341319717831e-07,10005
0.0771962047142515,0.00220127736978971,5.38830362767291,1.35085134931218e-06,10005
0.0773623015796876,0.00220780393158696,6.30465845919368,6.09898964071863e-07,10005
0.0773744469058523,0.00219997285836209,6.76221199698747,7.43972625210084e-07,10005
0.0766420818716637,0.00220461254511811,8.67491767288167,1.74511649655053e-09,10005
0.077160191281891,0.00220546406101896,10.9376492674826,6.50730563114177e-07,10005
0.0776179903810243,0.00220317338851852,15.7265875434869,1.13786390397303e-07,10005
0.0780196589143972,0.00220543851432264,9.66126065911857,2.69949688317767e-07,10005
0.0774591532748257,0.00219976813778695,10.2227121982572,5.63181361030451e-07,10005
0.0773926371008608,0.00220514214385322,8.29601924485484,2.13472128884785e-07,10005
0.0770110306229642,0.00220334352903634,15.2832841172404,5.35544653899011e-07,10005
0.0771741551000037,0.00220740715009244,12.7970621542072,9.55877000091829e-07,10005
0.0771203295626367,0.00220941017947342,8.1421778740761,2.53654207246359e-06,10005
0.0770463531601058,0.00220417902589755,10.2043968388452,2.34335306179268e-06,10005
0.0764233726337436,0.00220493717630407,11.3398511289255,2.71496264729351e-07,10005
0.0762813654838674,0.00220932630285855,7.33464817341383,1.43545369676474e-06,10005
0.0761256484717027,0.002219952559433,13.7366021129843,8.82436976032069e-07,10005
0.0756597366065162,0.00221752563996996,10.2543762852792,1.26956338005474e-06,10005
0.0757815758928838,0.00222228110430358,13.5963446202428,1.11564223278256e-06,10005
0.0758538058905026,0.00222329978203528,8.22431737093039,9.25302344025704e-08,10005
0.075671805953656,0.00222808823968966,13.4828892798388,1.5741244881598e-06,10005
0.0754658649337062,0.00223286323118918,14.8660594528618,1.09918127126726e-06,10005
0.075479992557583,0.00223235710851079,9.3438810926774,2.66261577317575e-07,10005
0.075291782914565,0.00222624822801723,7.77304997530568,1.47722758051783e-06,10005
0.0756612797433701,0.00222737504460129,6.60291447783057,5.36117450248813e-07,10005
0.0762567379993812,0.00223204031137937,12.7260356190659,5.91809671768883e-07,10005
0.0768117848529938,0.00223248870137924,8.08701094042335,2.83353848336919e-07,10005
0.0768185813752391,0.00223525393544313,12.170580168417,1.10131751910759e-06,10005
0.0762756694474302,0.00224486353934726,6.07409045016331,6.10120449572669e-07,10005
0.076118643239698,0.00224305539433952,20.3296975781616,1.86992867436546e-06,10005
0.075770378541168,0.00224536499839064,10.7525162618447,2.23009104850666e-07,10005
0.075484803199027,0.0022459131073214,9.25434732372691,1.53224791683923e-06,10005
0.0754788296041464,0.00225411033659438,10.4010024353101,1.45297216899165e-06,10005
0.0756043790552333,0.00225683436910573,10.5222444406233,2.63760094742423e-08,10005
0.0758290404825036,0.00224313951025931,8.8142396932738,1.18953782449128e-06,10005
0.075593627864212,0.00224576745943745,8.52837135910825,2.56444058983913e-07,10005
0.0749489340389612,0.00224346315874846,11.1281274058526,5.00953808451731e-07,10005
0.0752619592870346,0.00224082986803018,12.7236179930581,1.3955289425074e-06,10005
0.0752916024993734,0.00223563435861107,4.80975233257542,5.20274739057396e-07,10005
0.0753890478389112,0.00223703075695698,23.0772983167643,5.69177362320109e-07,10005
0.07535510160414,0.00223383428449737,15.3504766283902,6.8304632034598e-08,10005
0.074992439519188,0.00223104104750793,9.41047298662512,3.74611154337081e-07,10005
0.0752505496525774,0.0022307444427327,13.5435088728908,2.2875144716533e-08,10005
0.0752377820707904,0.00223956679289082,11.2806537017626,1.18154278736456e-06,10005
0.0752818850113341,0.00223703856921791,10.8701720812481,7.56894971350378e-07,10005
0.075115430909802,0.00224079323651388,8.42237372042714,2.23856379274233e-06,10005
0.0752488939879199,0.00224069579621587,4.96040556280446,1.18559119395054e-06,10005
0.0750824574346595,0.00223558027539439,20.2563822103311,9.5376464020191e-07,10005
0.0750881742469238,0.00223515987119165,19.7162057409877,9.45834278897229e-07,10005
0.0751659518747524,0.00223287885642349,7.53666149663441,3.49149059212782e-07,10005
0.074739522034307,0.00223874643035831,11.6075865510038,1.38637204312e-07,10005
0.0745606352807993,0.00224227260734112,8.09911569374001,9.34572750775135e-07,10005
0.0741509050017415,0.00224070293261389,7.40307084793333,3.67211970198438e-07,10005
0.0733501784358566,0.00224083401236873,10.918167162759,9.18397404390818e-07,10005
0.0737400489372033,0.00224214930453413,11.7454982812767,1.79561515378414e-07,10005
0.0734191205907037,0.00225600498541624,14.9893976450327,8.13477348366047e-07,10005
0.0736784165151331,0.00225012985747941,8.04397862927528,1.17184661415222e-06,10005
0.0731279095025235,0.00226271369423069,12.7495058024904,6.2466098840807e-07,10005
0.0729057910702528,0.00226212263531275,8.87635069096342,1.78732826109109e-07,10005
0.0725308558542917,0.00226851382658474,5.92934318145178,5.5216536775556e-07,10005
0.0724876798582275,0.00226751269067421,11.3381466757517,1.4339094188216e-06,10005
0.0727010077158785,0.00226361659164348,6.8383063883182,4.13009508761444e-08,10005
0.0722616175438182,0.00226861291116026,8.5873804701048,1.8019454295792e-06,10005
0.0721674901472743,0.00226650581809713,5.90371120736128,1.06384769526887e-07,10005
0.0725637541123942,0.00226057884576965,8.46459327597297,8.75013073932308e-09,10005
0.0725918057548793,0.00227341474499054,8.85016608318174,2.60166230548039e-07,10005
0.0724217682638673,0.00226997981959905,6.95004616963932,2.16769407035636e-07,10005
0.0721971098921976,0.00227896075609522,10.2163506520936,5.26251315034287e-07,10005
0.0711618656556565,0.00228566002081953,8.26824115097951,1.6231113940133e-06,10005
0.0707457461620384,0.00228211613067235,11.2930129655764,1.97494510931883e-07,10005
0.0706120208330432,0.00227621518683477,7.68683936735222,4.35118298020207e-08,10005
0.070179191446431,0.00227982647699455,7.58592240420821,4.78021459836617e-07,10005
0.0702000524968357,0.00228002508919615,11.4204116820083,5.95496340947868e-07,10005
0.0698191719830804,0.00228233427405935,6.99455515148172,1.80034004894217e-06,10005
0.0694541184513342,0.00228628768042647,12.7638253365728,5.1389400414577e-07,10005
0.0690098036496208,0.002285867249292,10.8110909561061,3.20012430156552e-07,10005
0.0687287762008264,0.00228870984556263,9.982100310572,8.46277904548451e-09,10005
0.0687088119457,0.00229345399246408,12.2102970068914,3.29332485800837e-07,10005
0.0687141243248131,0.00229683045781232,12.7268338958601,8.61549884809887e-07,10005
0.0684214778026249,0.00229899816770667,5.68590975169931,6.17258324323597e-07,10005
0.0686511627741408,0.00230099109880262,15.9468484432719,6.38039822583988e-07,10005
0.0684824366549168,0.00230094276723856,12.1333156555067,2.97522060304824e-07,10005
0.0684080777283549,0.00229448511956568,8.51018821357903,1.29183712711457e-06,10005
0.0684561411642626,0.00228695887924325,6.62852566110595,9.31691670678959e-07,10005
0.0685160474521529,0.00228053418556535,9.58857711039816,3.44335750843753e-07,10005
0.0681726232376783,0.00229051219998364,6.16466570264944,1.30700468346381e-07,10005
0.0675038656892568,0.00229966779841589,11.3091538690583,1.54715264397888e-06,10005
0.0669726483942599,0.00230926043785098,6.07919878078813,3.0537909666634e-07,10005
0.0667335958421018,0.00230146083104401,9.32571091007555,3.60015145464823e-07,10005
0.0659930700177121,0.00230879393378976,8.97088543773242,5.04703568107219e-07,10005
0.0658586404570111,0.00230566425243687,7.81429570182455,1.70038059843015e-06,10005
0.0661195874090723,0.00230022309212557,6.76568890504731,9.36462932004679e-08,10005
0.0661974138335637,0.00230185850904036,7.21612144977945,6.51658102021178e-08,10005
0.0658407297731349,0.00230711449971884,10.999958680827,1.33871494818177e-06,10005
0.0658128100435713,0.00230537185148776,7.00683762008694,3.64188057713222e-07,10005
0.0658156705192046,0.00229879406795782,8.99773665208027,1.57994460716322e-07,10005
0.0660689557321768,0.00229602733561325,6.0603335672305,7.85496075706519e-07,10005
0.0661792708312375,0.00229095070216286,7.85531134821534,1.81863555359995e-06,10005
0.0663874736864421,0.00229502484617624,7.02015556615612,1.36720471727174e-06,10005
0.066153754952962,0.00229692184468199,14.5404940071563,2.02805847851965e-07,10005
0.0660288188297639,0.0022943163086586,7.03853196987948,2.65671411500519e-08,10005
0.0664488116300455,0.00229097532771285,7.52368890570459,4.68502171025324e-07,10005
0.0664941052403694,0.00229157200762333,14.1330474120633,2.07185080883449e-06,10005
0.0665531955751502,0.00229942625876088,11.8123649521827,3.22326310178358e-06,10005
0.0663167433990525,0.00229370260366979,8.12137270668658,5.53633844360246e-07,10005
0.0656696537537708,0.00229196386788216,6.43974319726295,9.80931163927953e-07,10005
0.0658151314642935,0.00229030783484579,9.98482465823891,6.99302215469193e-07,10005
0.0658238436173337,0.00229021357282218,12.0909448137398,9.58571953468493e-08,10005
0.0656572948659262,0.00229604591787425,9.02567095203032,1.94075795240497e-06,10005
0.0650330673261118,0.00230216612247918,7.77698008944453,2.48335115194425e-07,10005
0.0650626194381957,0.00230361156626822,10.7958573889393,6.7718462520188e-07,10005
0.064997766373878,0.00230660276332747,12.2476467379043,1.02482283580568e-06,10005
0.0650359564894196,0.00230070006750556,15.6235002486415,1.62487242667497e-06,10005
0.0652314219935312,0.00230002719665478,8.91198205122835,5.67367115921385e-07,10005
0.0649475038034173,0.00229910472042891,9.60912957864983,2.41434916824247e-06,10005
0.0648693172113519,0.00230143200945219,16.5338325745672,3.67128619064511e-08,10005
0.064917766805997,0.00230084900130637,5.19573561532872,1.45917894271008e-06,10005
0.0646155340603224,0.0023010183793703,8.97033905755355,1.05366444090042e-06,10005
0.0645938180292857,0.00230961616122449,8.38162970877857,4.84132109230252e-08,10005
0.0645021723099956,0.00231053609100787,6.31476234095269,1.14208905335393e-07,10005
0.0641906904657389,0.0023182393522806,7.46027613549227,1.73845474109274e-07,10005
0.0643685185679402,0.00230586929576526,11.1865561593996,9.06311654706627e-08,10005
0.0646501170271493,0.00230624141738165,12.6061480470429,3.98050806078179e-07,10005
0.0645259625527913,0.00231642063434382,6.90303664638292,7.07197212246074e-07,10005
0.0644381719243537,0.00230730315009458,6.35763903584904,1.33320533808706e-06,10005
0.0643003739753337,0.00230591106561247,7.82223618202327,4.06350720302682e-07,10005
0.0639159167758105,0.00230860524280792,5.71021065628073,6.65444954601285e-07,10005
0.0638909880439958,0.00231011491448403,13.2153100320861,4.82209344375399e-07,10005
0.0633769212832868,0.00231538837236065,11.5146553559162,1.26672227935826e-07,10005
0.063442335747372,0.00230612461011715,5.71503004781061,2.42803354556418e-07,10005
0.0632670032001389,0.00231073957129924,10.0562567523599,1.27718985722929e-06,10005
0.0632714780374947,0.00231576448942024,17.445186676249,7.59114405658212e-07,10005
0.063482328796229,0.00230973197509158,11.3329233309652,7.63339921678973e-07,10005
0.0631402008385897,0.0023180690145721,13.3957394616185,1.04005199022626e-06,10005
0.0632417771676,0.00231283909669938,8.07840304974004,9.49660301863393e-07,10005
0.0635586738779965,0.0023117437003073,8.83560140965349,7.06055738732165e-07,10005
0.0640255928881063,0.00230436694992197,6.14267604948846,3.97763770089252e-07,10005
0.0642358868362349,0.00230190192377799,8.14945884158402,1.16824988189708e-06,10005
0.0639488916983134,0.00230622344286267,10.5231160006776,3.18091584026125e-07,10005
0.0637970299078571,0.0023078320883474,10.903235154148,1.20932037994953e-07,10005
0.0635988382599749,0.00231347301220089,13.9500691849488,8.03879762833882e-07,10005
0.0635242665714216,0.00231439222379878,8.27379664478332,1.02265550922099e-07,10005
0.06336174214095,0.00231186391782964,11.9699719082986,5.75591199252141e-07,10005
0.0638459788201179,0.00230890397604141,7.25796880067496,8.88222840772489e-07,10005
0.0639868031983633,0.00231365277868906,15.1320078691314,7.89856122880993e-07,10005
0.0642605365388982,0.00231409069402629,11.8551856508141,8.36693404159263e-07,10005
0.0643428707498493,0.00231316948726342,9.69153124015559,7.24557380752478e-07,10005
0.0644443763672551,0.00230926031942566,8.72132462541116,7.02666861503011e-07,10005
0.0641037358355092,0.00230834151972045,11.253395869531,1.28634644487891e-06,10005
0.0639660842827685,0.00231670353662281,13.019278505364,3.08672578991267e-07,10005
0.0637244908634413,0.00232666706256436,10.1197672470618,2.59495317121403e-07,10005
0.0639012151150858,0.00232543375847659,11.9574565958869,3.72416844137251e-07,10005
0.0634150672508151,0.00233580680383423,12.8389818141056,4.93641415879849e-07,10005
0.0629953695252509,0.00233851591323283,8.84368848633717,5.7625815829843e-07,10005
0.0627082549281327,0.00234557127488589,14.5250699015503,1.48549030831188e-07,10005
0.0631600775025744,0.00234349997176836,11.3862008979341,2.06433574596055e-07,10005
0.0631715464642568,0.00234578915572457,10.5757292968919,2.99567953197184e-07,10005
0.0634347548231915,0.00234853170580026,8.04524319570394,8.70010545950362e-08,10005
0.0633850965418527,0.00235019243122009,6.92752678117404,1.55298758970017e-06,10005
0.0633022901080619,0.00235204297533426,7.00259332669105,3.31563429792892e-07,10005
0.063747459675741,0.00234652462766105,9.72243722290767,1.6959805995882e-07,10005
0.0634845396847571,0.00234785455037765,7.99902643539301,2.95445612938381e-07,10005
0.0631402880360243,0.00235661670719915,10.0181668731677,6.25163886354012e-07,10005
0.0632774953017594,0.00235926177195524,10.7032008716958,2.67520866010303e-06,10005
0.0635356461053761,0.00235458049261873,10.0050386748084,6.40995803631226e-07,10005
0.0633937943320132,0.00235122477036086,7.6237478809683,4.07394807180776e-08,10005
0.0634087833290198,0.00234958089704971,7.10877509063,6.90078990270394e-07,10005
0.0630268977999698,0.0023604435679949,14.5456495396068,1.87572405634555e-06,10005
0.0626961640640373,0.00236143223343829,10.7229340982692,1.62868387682164e-06,10005
0.0626134501188062,0.0023666270565938,9.06347810016063,8.05585221802054e-07,10005
0.0629400746610792,0.00235956927267277,17.1036122080465,4.9673556688925e-07,10005
0.0627362897758152,0.00235755885544362,9.72723459463767,3.80161940661023e-07,10005
0.0629919027914554,0.00235712986801207,14.3934170778348,9.66387472637527e-07,10005
0.0627144788444196,0.00236418895484168,11.9272868373313,9.62624794823925e-07,10005
0.0627895132699409,0.00236691617376689,8.40736280932391,9.29673052988873e-07,10005
0.0630861225432967,0.00236448801218504,6.58038311320445,7.27485359907609e-08,10005
0.0630990617100614,0.00236371619660424,10.6337900741023,2.02560043382327e-08,10005
0.0631815426517679,0.00236501033393098,11.0923321322833,6.17156441128292e-07,10005
0.0631651279422872,0.00236119471734447,15.0756627545007,1.39832338434578e-06,10005
0.0632823207271176,0.00235692938668585,8.17421038833198,1.56171088707224e-07,10005
0.0635190565310605,0.00235767424801932,9.1240835902469,9.87150201388758e-07,10005
0.0636753463946053,0.0023600910193133,5.91205101937753,3.1147902489993e-07,10005
0.0633610033060922,0.00236747785673137,11.8699260940067,2.49338969735399e-07,10005
0.0635035068308805,0.0023674009284075,9.69282174682918,1.54165345398756e-06,10005
0.0638373340282291,0.00236798482810526,8.2602941117249,9.29803757046294e-07,10005
0.0640377043590489,0.00236489990619942,15.8908882682885,7.33340041861652e-07,10005
0.0636234591445985,0.00236825054982949,9.72062509835983,1.96090091193006e-08,10005
0.0636508863992469,0.00236861663069644,13.0797990558336,1.54866217797225e-06,10005
0.0635159024412513,0.00237750255497669,8.02020378853733,1.83955312100734e-06,10005
0.0633793003648524,0.0023719283889074,8.22401886852533,4.29329160231881e-07,10005
0.0629610549205421,0.00238164234990774,10.4154396954917,2.53189368800813e-07,10005
0.0633227555696898,0.00237887188324653,11.1749776178748,8.18026857473761e-07,10005
0.0633920334814403,0.00237659617594917,10.5467729405401,1.97241393464374e-07,10005
0.0638139264221746,0.002375964066226,9.75835596324558,1.0392241669069e-06,10005
0.0636415141301883,0.00237731007457408,9.19649221536133,1.29989219319659e-06,10005
0.0630466319844143,0.00238456930722227,8.2478113552152,6.14871709718042e-07,10005
0.0633231432471848,0.00238996835534105,15.0764991393475,2.4503606894829e-07,10005
0.0633797457141076,0.00238062297737353,12.0689184022179,7.97034867274857e-07,10005
0.0638447043420994,0.00237594050831054,13.0024859629276,5.62948764205668e-07,10005
0.0640334166661814,0.00236961039684842,9.34745451174061,2.66467228517884e-08,10005
0.0641271280785211,0.00236803038828155,13.6068021738412,3.88859458768207e-07,10005
0.0637851123642507,0.00237228122311825,18.8631232409109,1.00098855488468e-06,10005
0.0637406514752794,0.00236911516698948,15.0774791912809,4.98869369424583e-07,10005
0.0635524320246138,0.00237317976858995,9.52140985400966,1.03571653628053e-06,10005
0.0636876088413432,0.00236873788058576,9.13539172477924,3.27766652599279e-07,10005
0.0638220922157366,0.00236101647878133,10.6598289646842,6.54928877974158e-08,10005
0.0633636068784434,0.00236796647303327,10.232697752492,9.75095718701617e-07,10005
0.0636187287299078,0.0023634539358804,10.3627525236158,9.05458461488676e-07,10005
0.0635145278398281,0.00236531316237952,9.00442009242253,2.39265912865453e-06,10005
0.0633392093702969,0.0023669030684798,15.7723344550183,2.31987550311656e-07,10005
0.0635635701189182,0.00236091947730514,7.9648599810582,3.2003739756705e-07,10005
0.0635249006497444,0.00236649142044212,8.01623557129165,1.32113432822693e-06,10005
0.0628854194601694,0.00236971031577121,7.56035835130009,1.16178897985449e-06,10005
0.0628809875954276,0.00237064173413029,13.0060683695207,1.88166222990754e-09,10005
0.0624604499386211,0.0023641490605056,21.7606610196806,6.29693261704653e-07,10005
0.0626213676799755,0.00235834128053,13.0491949713633,1.33832479900731e-06,10005
0.0627796524891106,0.00235230589564962,12.6183556721485,1.00018295563634e-06,10005
0.0629054232593459,0.00235198915647978,11.4409187036396,5.74508861098006e-07,10005
0.0629658748152876,0.00234647529409842,7.28338193106371,1.57209184772198e-06,10005
0.0629897926744569,0.00235217739781988,18.1548912920563,3.56936716973281e-07,10005
0.0627018073952586,0.0023574005652797,10.7213617340202,9.18663027348002e-08,10005
0.0625577401838654,0.00235539992388899,5.31044853602558,5.28172149264758e-07,10005
0.0625797328384552,0.0023553543957836,7.43874380912241,6.06001071803162e-07,10005
0.062878679111714,0.00234985198564987,12.2848934707244,7.90146451344021e-07,10005
0.0628174127843889,0.00235007816155872,7.64353167315216,2.91100673065615e-07,10005
0.0621725363854812,0.00235997134006283,8.47507791610688,1.48113856162486e-07,10005
0.0623312423489904,0.00236058521518997,18.4340155340013,5.80629831418186e-07,10005
0.0625336977230869,0.00235760711560741,8.47211503699351,3.6903466527451e-07,10005
0.062357665418094,0.00235991006869976,15.3082821209427,1.27264779458385e-06,10005
0.0624976439212501,0.00236055098605965,13.6682225448013,1.0348728273758e-06,10005
0.061944944481977,0.00236569705500092,8.24266220641276,4.53323884123678e-07,10005
0.0619582282181089,0.00236744649075482,6.60866949177526,9.89024781203152e-07,10005
0.0619893731492049,0.00236707260319951,12.1619111536703,5.61226526986606e-07,10005
0.0613397050240907,0.00236604206922566,9.75571038133492,6.72671032936047e-07,10005
0.0613084900229459,0.00237196096308265,7.79415436756505,1.64527386612666e-06,10005
0.0611986313632102,0.00236039185691691,10.6183498033291,1.76262769588749e-06,10005
0.0611703768680189,0.00236409133960715,15.9289573667852,4.6684702248267e-07,10005
0.0618528461970103,0.00235015245493615,7.72974010708186,3.2232361132316e-08,10005
0.0619679466285431,0.0023542390842775,20.5817345957702,9.09082232741782e-07,10005
0.0617170498730327,0.00235360978172506,10.746330524258,1.15129663124084e-06,10005
0.0613144620777147,0.00235930720233695,9.33929097529253,6.43812996286054e-07,10005
0.0610008332434877,0.00236292582296434,12.5773195711366,6.21659587499525e-07,10005
0.0605745690021648,0.00236909730065271,8.72286727651029,1.58778060926613e-06,10005
0.0607290534444116,0.00236972679593489,15.8189748123331,1.17541366118163e-06,10005
0.0606188649474556,0.00238501883289797,13.2354569416381,1.99555283928302e-06,10005
0.0604508942828309,0.00238769334367136,10.2484426483557,2.98756250560964e-07,10005
0.0604465420325695,0.0023887929339205,10.6880494588468,1.07343068492319e-06,10005
0.0601162361043663,0.00238682701669633,7.58784481635939,1.23593852417902e-06,10005
0.0600632758549369,0.0023930051199974,6.19401808174489,8.85025822619786e-07,10005
0.0605609286162908,0.00239302687676456,16.5416883402915,1.80932495942813e-07,10005
0.0602209187835649,0.00239384121543296,8.11191036802937,9.01230846563464e-07,10005
0.0601039722803509,0.00239358078968278,9.21990357534993,1.45461483776702e-06,10005
0.0598700566095094,0.00240319753387107,10.8651731977562,6.57003464279945e-07,10005
0.0598243750068605,0.00239849633921823,15.1227736297043,3.39387959876255e-07,10005
0.0598896450711294,0.00239817348497323,12.4051697564424,2.63705441744587e-07,10005
0.0598574744087403,0.00239499418854046,14.9076729558255,1.12862827356034e-06,10005
0.0592835716293911,0.00240236341681579,16.8542214726409,1.31746455590666e-06,10005
0.0590358924913297,0.00239935401740749,7.54685797836167,6.7352237628436e-07,10005
0.059315771464023,0.00239658745020563,9.55130331561278,1.09074423367604e-06,10005
0.0587334680973927,0.00240627433209663,5.21762130163511,3.44539310579324e-07,10005
0.0583654220930924,0.00240941250696129,9.80826421228281,1.57418440564183e-07,10005
0.057877994650175,0.00241704113193267,13.5830302906273,2.66574738642542e-07,10005
0.0574035950439427,0.00242000298460883,12.6205507711293,1.439135095172e-07,10005
0.0573657602050327,0.00242377280881922,14.7861030934888,3.6503155367519e-07,10005
0.0575295409409663,0.00241925519451698,9.8576175381146,5.43246766324061e-07,10005
0.0571285296704168,0.00242084191052914,10.5783807346209,5.27527145669233e-07,10005
0.0571664775758139,0.00241128873463486,7.44657036411147,4.69719670565438e-07,10005
0.0573016104074205,0.00240699580249641,8.75122622069638,2.92010710633389e-07,10005
0.0570886612052663,0.00240623653851204,13.1786105844691,1.4154689383353e-06,10005
0.0575589968480161,0.00240201578328469,8.93321834289829,1.6159432250911e-06,10005
0.0574015479850219,0.00240646841811911,7.15767697077881,1.06652361977404e-06,10005
0.0572955631025141,0.00240918118470535,9.45185749837462,6.86044315770727e-07,10005
0.0575092958140449,0.00241270953373603,15.3793090825105,7.4358502264107e-07,10005
0.057587796643298,0.00241480912816582,9.5242357802409,3.87659005894025e-07,10005
0.0581068105944241,0.00241186791689123,12.399110970412,1.08886730544202e-06,10005
0.0583186149161406,0.00241249978925856,12.6275875241468,5.5118031858031e-07,10005
0.057882485147133,0.0024157814116718,17.2162572517124,1.5054784653044e-06,10005
0.0574099968228995,0.0024163994880331,7.01390085094522,1.97911285879636e-06,10005
0.0575028857610884,0.00241206539232734,9.61670659306546,6.131036949618e-07,10005
0.0572140946969244,0.00241173221721233,10.166079562916,8.82395099287965e-07,10005
0.0569326268184147,0.00242049492715939,10.3147202502459,1.17282387535432e-06,10005
0.0569589250234319,0.00242147355981321,12.7711731317574,1.17261845431546e-06,10005
0.056960576446472,0.00241525014863719,10.6188881824934,1.3672385032408e-07,10005
0.0568383926444764,0.00241632254510514,8.06990249059376,3.06707765371371e-07,10005
0.0566387730170878,0.00242041207650536,8.51216318333088,1.42298487189094e-06,10005
0.056217857517392,0.00242679090215993,7.721645515532,1.77204955680027e-06,10005
0.0557875645787743,0.00242815301950309,10.7682565240015,1.26755910126994e-07,10005
0.0559852596393423,0.002419941580817,7.40683846936155,1.32777868395319e-06,10005
0.0557209532305944,0.00242550045289876,11.2105036545702,8.39650396984214e-07,10005
0.0560510368179915,0.00241636900761765,14.0265033492216,2.17506935847206e-07,10005
0.0560791816975856,0.0024084944464074,9.04998222432871,2.3792252483178e-07,10005
0.0558935753787447,0.00240824106389339,4.58582193996314,8.94661790686432e-07,10005
0.0556249838979156,0.00241244875798048,11.4467442242265,1.20579510471056e-06,10005
0.0556871734456477,0.00241101570943679,17.9238542066956,2.06482680696991e-06,10005
0.0557347570643677,0.0024059004785796,16.185101458323,2.33312337375069e-07,10005
0.0557594886242685,0.00240271884380776,7.75977027573886,2.0640635823949e-06,10005
0.0554446015037361,0.0024040554599709,11.9724212053176,4.11914122945513e-07,10005
0.0551803255949098,0.0024080470574299,8.39959946112888,8.35287302899353e-07,10005
0.0551243412397309,0.00240869738025901,6.74768577846004,1.28515620918264e-06,10005
0.0551035204657732,0.00241043596217861,7.70412208348164,4.15504669361801e-07,10005
0.0551046452887749,0.00240991133534205,8.98398427401449,6.56177221973263e-07,10005
0.0548926620229165,0.00240504133228865,8.75648937460126,6.3801864557511e-08,10005
0.0544564777528284,0.00240931678868746,9.04897186797866,1.3512314305174e-06,10005
0.054700095583637,0.00240327914032594,10.3298088840504,3.41791548871628e-07,10005
0.0544274640067701,0.00239970334869433,8.64074546608793,8.73307608825299e-08,10005
0.0543154351995391,0.00240298036942532,9.30022679385405,9.71585019154766e-07,10005
0.05426635391246,0.00240416376623003,6.21005349376746,7.3868508389328e-07,10005
0.0540958846420206,0.00240392094839685,10.0083166534505,2.00590492798249e-06,10005
0.0541686641912828,0.0024009963750312,6.15286496435672,6.81335591770031e-07,10005
0.0541229457387238,0.00239811654034927,7.40257397014654,8.85640451957493e-07,10005
0.0543817203920655,0.00239359500243748,8.7252796589834,1.20074713763864e-06,10005
0.0542084050422416,0.00238290165485397,13.3971629581544,1.72604333051568e-06,10005
0.053653061042275,0.0023845899428538,9.30733168860025,4.64878163299204e-08,10005
0.0534313899863993,0.00240843879678509,8.53395724391631,4.59356858522625e-08,10005
0.0535641367107787,0.00239277803413223,13.5918430405404,7.27572612160423e-07,10005
0.0532639900063344,0.00240078690905745,7.7913731628684,2.81785511451555e-07,10005
0.0532388497692606,0.00239194283574723,13.1260096718151,1.35321337273353e-06,10005
0.0532997799271223,0.00238686986053665,14.7792159415047,1.05364044729354e-07,10005
0.0534879686011311,0.00237737731834391,7.7319025826415,8.1135994121404e-07,10005
0.0535951320711516,0.00238360382116572,9.62469333755066,4.91398842654132e-07,10005
0.0538456512855659,0.0023807142496763,7.43355398191226,2.37226558965291e-07,10005
0.0538877083152003,0.00237616496237806,10.4048479318966,4.45717780107997e-07,10005
0.0542848558036416,0.00236602873595418,8.00340154888136,6.59224858128496e-07,10005
0.054358450277905,0.00236988287691415,12.6032489981566,1.93214976022165e-07,10005
0.0546458345119807,0.00236555811306119,9.1129402721369,1.4581844810809e-06,10005
0.0548628167630868,0.00237456008463178,8.04033206877572,3.7153000324727e-07,10005
0.0549599596946163,0.00237382261171362,8.46633321140835,1.81749209582445e-07,10005
0.0551228930046694,0.0023692576858998,20.939794003862,8.88635828703317e-07,10005
0.0550995611174115,0.00237016273822867,10.9240541995216,9.7667359539478e-08,10005
0.0549072924102469,0.00238970816740207,3.34719947186921,4.42166044929538e-07,10005
0.0546552308626914,0.0023969033699149,6.18964491815906,3.39115324214754e-07,10005
0.0544214008662468,0.0023987214334426,7.17182664793428,2.8163850829315e-07,10005
